epoch,accuracy,geometric_mean,loss,sensitivity,specificity,val_accuracy,val_geometric_mean,val_loss,val_sensitivity,val_specificity
0,0.574999988079071,0.597802996635437,0.20329369604587555,0.699999988079071,0.5105262994766235,0.7509999871253967,0.6415113806724548,0.19783225655555725,0.5400000214576721,0.7621052861213684
1,0.5523333549499512,0.5088686943054199,0.20686458051204681,0.4000000059604645,0.6473684310913086,0.6510000228881836,0.6552460789680481,0.19387520849704742,0.6600000262260437,0.6505263447761536
2,0.6269999742507935,0.5703184604644775,0.19636701047420502,0.6000000238418579,0.5421052575111389,0.6980000138282776,0.6597766876220703,0.18483813107013702,0.6200000047683716,0.7021052837371826
3,0.6380000114440918,0.6743417978286743,0.19468984007835388,0.6000000238418579,0.75789475440979,0.7900000214576721,0.714599609375,0.1787501573562622,0.6399999856948853,0.7978947162628174
4,0.6380000114440918,0.6950955986976624,0.18612410128116608,0.8999999761581421,0.5368421077728271,0.9319999814033508,0.7668253183364868,0.14469511806964874,0.6200000047683716,0.948421061038971
5,0.7919999957084656,0.6577473878860474,0.15046150982379913,0.6000000238418579,0.7210526466369629,0.9390000104904175,0.8161527514457703,0.11609729379415512,0.699999988079071,0.9515789747238159
6,0.8056666851043701,0.8156366944313049,0.14644525945186615,0.800000011920929,0.8315789699554443,0.8809999823570251,0.8899438381195068,0.09386053681373596,0.8999999761581421,0.8799999952316284
7,0.7986666560173035,0.7283723950386047,0.14470508694648743,0.699999988079071,0.75789475440979,0.949999988079071,0.7622681260108948,0.10637793689966202,0.6000000238418579,0.9684210419654846
8,0.8330000042915344,0.6104355454444885,0.1423889845609665,0.4000000059604645,0.9315789341926575,0.8799999952316284,0.8894113898277283,0.08060562610626221,0.8999999761581421,0.878947377204895
9,0.8339999914169312,0.884069561958313,0.13847605884075165,0.8999999761581421,0.8684210777282715,0.9160000085830688,0.8889852166175842,0.10110808908939362,0.8600000143051147,0.9189473390579224
10,0.8230000138282776,0.7629582285881042,0.13679179549217224,0.699999988079071,0.8315789699554443,0.953000009059906,0.7876948118209839,0.10400237143039703,0.6399999856948853,0.969473659992218
11,0.8196666836738586,0.7725555896759033,0.1448196917772293,0.699999988079071,0.8526315689086914,0.8709999918937683,0.8938385844230652,0.09213871508836746,0.9200000166893005,0.8684210777282715
12,0.8196666836738586,0.7348469495773315,0.1352672129869461,0.6000000238418579,0.8999999761581421,0.8659999966621399,0.8631521463394165,0.09054388850927353,0.8600000143051147,0.8663157820701599
13,0.8446666598320007,0.6813299655914307,0.1281309574842453,0.6000000238418579,0.7736842036247253,0.9480000138282776,0.8744321465492249,0.09799730777740479,0.800000011920929,0.9557894468307495
14,0.8373333215713501,0.777309775352478,0.12961147725582123,0.699999988079071,0.8631578683853149,0.9470000267028809,0.7968623042106628,0.10675084590911865,0.6600000262260437,0.9621052742004395
15,0.8223333358764648,0.6719962358474731,0.13924656808376312,0.6000000238418579,0.7526316046714783,0.925000011920929,0.8316882252693176,0.10727845877408981,0.7400000095367432,0.9347368478775024
16,0.8259999752044678,0.7914011478424072,0.1232752576470375,0.699999988079071,0.8947368264198303,0.8550000190734863,0.8478579521179199,0.08387939631938934,0.8399999737739563,0.8557894825935364
17,0.8349999785423279,0.7174516320228577,0.13971741497516632,0.6000000238418579,0.8578947186470032,0.8809999823570251,0.8805261850357056,0.08380383253097534,0.8799999952316284,0.8810526132583618
18,0.828000009059906,0.6928203105926514,0.1355377584695816,0.6000000238418579,0.800000011920929,0.9190000295639038,0.8905113935470581,0.09455081075429916,0.8600000143051147,0.9221052527427673
19,0.8193333148956299,0.6950955986976624,0.13524217903614044,0.6000000238418579,0.8052631616592407,0.8840000033378601,0.8329402208328247,0.10731267929077148,0.7799999713897705,0.8894736766815186
20,0.8286666870117188,0.6696425080299377,0.13404572010040283,0.6000000238418579,0.7473683953285217,0.9020000100135803,0.881828248500824,0.09171179682016373,0.8600000143051147,0.9042105078697205
21,0.8080000281333923,0.6950955986976624,0.13121481239795685,0.6000000238418579,0.8052631616592407,0.9259999990463257,0.8212954998016357,0.08938109129667282,0.7200000286102295,0.9368420839309692
22,0.8426666855812073,0.8614553213119507,0.12343772500753403,1.0,0.74210524559021,0.9509999752044678,0.8546344637870789,0.08882301300764084,0.7599999904632568,0.961052656173706
23,0.8256666660308838,0.8759956359863281,0.13202211260795593,0.8999999761581421,0.8526315689086914,0.8730000257492065,0.8856754899024963,0.07886243611574173,0.8999999761581421,0.8715789318084717
24,0.8259999752044678,0.7078506946563721,0.13052110373973846,0.699999988079071,0.7157894968986511,0.9160000085830688,0.8588854074478149,0.08901723474264145,0.800000011920929,0.9221052527427673
25,0.8363333344459534,0.747627854347229,0.1382012963294983,0.6000000238418579,0.9315789341926575,0.8790000081062317,0.8699425458908081,0.08296267688274384,0.8600000143051147,0.8799999952316284
26,0.8293333053588867,0.7653688788414001,0.13266052305698395,0.699999988079071,0.8368421196937561,0.9409999847412109,0.871055006980896,0.1003495305776596,0.800000011920929,0.948421061038971
27,0.8613333106040955,0.8410519957542419,0.12456671893596649,0.800000011920929,0.8842105269432068,0.9409999847412109,0.8605750799179077,0.0792890191078186,0.7799999713897705,0.9494736790657043
28,0.8163333535194397,0.6577473878860474,0.13812296092510223,0.6000000238418579,0.7210526466369629,0.6840000152587891,0.8093531727790833,0.12258977442979813,0.9800000190734863,0.6684210300445557
29,0.8153333067893982,0.7983535528182983,0.1371297985315323,0.699999988079071,0.9105263352394104,0.8820000290870667,0.8810520172119141,0.07628992944955826,0.8799999952316284,0.88210529088974
30,0.8513333201408386,0.8258966207504272,0.1340436190366745,0.800000011920929,0.8526315689086914,0.890999972820282,0.866426408290863,0.08942033350467682,0.8399999737739563,0.8936842083930969
31,0.862333357334137,0.777309775352478,0.12011591345071793,0.699999988079071,0.8631578683853149,0.8820000290870667,0.8810520172119141,0.07774415612220764,0.8799999952316284,0.88210529088974
32,0.8460000157356262,0.6529286503791809,0.13708625733852386,0.5,0.8526315689086914,0.902999997138977,0.8920231461524963,0.07547926902770996,0.8799999952316284,0.9042105078697205
33,0.8579999804496765,0.7433919906616211,0.12453826516866684,0.6000000238418579,0.9210526347160339,0.9459999799728394,0.8940504789352417,0.09431996196508408,0.8399999737739563,0.9515789747238159
34,0.8586666584014893,0.8732877969741821,0.12078266590833664,0.8999999761581421,0.8473684191703796,0.8180000185966492,0.8467398881912231,0.09422770142555237,0.8799999952316284,0.8147368431091309
35,0.862333357334137,0.78940349817276,0.12470511347055435,0.800000011920929,0.7789473533630371,0.9409999847412109,0.7942424416542053,0.10883060097694397,0.6600000262260437,0.9557894468307495
36,0.8706666827201843,0.8075303435325623,0.12129589915275574,0.699999988079071,0.9315789341926575,0.8849999904632568,0.8826276659965515,0.07406847178936005,0.8799999952316284,0.8852631449699402
37,0.8533333539962769,0.6048052906990051,0.12046778947114944,0.5,0.7315789461135864,0.8090000152587891,0.868319571018219,0.09144839644432068,0.9399999976158142,0.8021052479743958
38,0.8216666579246521,0.7725555896759033,0.13179679214954376,0.699999988079071,0.8526315689086914,0.9070000052452087,0.894097626209259,0.07922843843698502,0.8799999952316284,0.9084210395812988
39,0.8456666469573975,0.8360307216644287,0.133336141705513,0.800000011920929,0.8736842274665833,0.9520000219345093,0.8220000863075256,0.09107664972543716,0.699999988079071,0.9652631282806396
40,0.8690000176429749,0.8207827210426331,0.12328134477138519,0.800000011920929,0.8421052694320679,0.9470000267028809,0.8527602553367615,0.08361928164958954,0.7599999904632568,0.9568421244621277
41,0.8766666650772095,0.5929409265518188,0.11786138266324997,0.4000000059604645,0.878947377204895,0.8759999871253967,0.858738362789154,0.08298610895872116,0.8399999737739563,0.8778947591781616
42,0.8569999933242798,0.7130365371704102,0.12787149846553802,0.6000000238418579,0.8473684191703796,0.9229999780654907,0.872528076171875,0.07491984218358994,0.8199999928474426,0.9284210801124573
43,0.862666666507721,0.8207827210426331,0.123075470328331,0.800000011920929,0.8421052694320679,0.9240000247955322,0.8093531727790833,0.088182233273983,0.699999988079071,0.9357894659042358
44,0.8610000014305115,0.6708203554153442,0.12882684171199799,0.5,0.8999999761581421,0.9390000104904175,0.8272719979286194,0.09694518893957138,0.7200000286102295,0.9505262970924377
45,0.8616666793823242,0.522645115852356,0.12532921135425568,0.30000001192092896,0.9105263352394104,0.9129999876022339,0.897200345993042,0.0762009248137474,0.8799999952316284,0.9147368669509888
46,0.8526666760444641,0.7409098148345947,0.12235498428344727,0.699999988079071,0.7842105031013489,0.8629999756813049,0.8894942402839661,0.07561271637678146,0.9200000166893005,0.8600000143051147
47,0.8443333506584167,0.8657214641571045,0.12249191105365753,0.800000011920929,0.9368420839309692,0.9520000219345093,0.7990389466285706,0.10271771997213364,0.6600000262260437,0.9673684239387512
48,0.8603333234786987,0.8385450839996338,0.1236647292971611,0.800000011920929,0.878947377204895,0.9319999814033508,0.8349598050117493,0.07738175243139267,0.7400000095367432,0.942105233669281
49,0.843999981880188,0.8201411962509155,0.12332773208618164,0.8999999761581421,0.7473683953285217,0.8370000123977661,0.8662077188491821,0.0870630070567131,0.8999999761581421,0.8336842060089111
50,0.871999979019165,0.6958523988723755,0.11764395982027054,0.5,0.9684210419654846,0.9340000152587891,0.8676647543907166,0.07972212135791779,0.800000011920929,0.9410526156425476
51,0.8840000033378601,0.7174516320228577,0.11727821826934814,0.6000000238418579,0.8578947186470032,0.8690000176429749,0.8741913437843323,0.07878869026899338,0.8799999952316284,0.8684210777282715
52,0.8463333249092102,0.7078506946563721,0.12020531296730042,0.699999988079071,0.7157894968986511,0.9290000200271606,0.8754908442497253,0.07597074657678604,0.8199999928474426,0.9347368478775024
53,0.8629999756813049,0.7843871116638184,0.11054733395576477,0.699999988079071,0.878947377204895,0.9110000133514404,0.8864358067512512,0.07346729189157486,0.8600000143051147,0.9136841893196106
54,0.8533333539962769,0.6589465141296387,0.11162763088941574,0.5,0.8684210777282715,0.8740000128746033,0.8279969692230225,0.09469037503004074,0.7799999713897705,0.878947377204895
55,0.8383333086967468,0.7581139802932739,0.11652907729148865,0.699999988079071,0.821052610874176,0.8849999904632568,0.8826276659965515,0.0712508112192154,0.8799999952316284,0.8852631449699402
56,0.8443333506584167,0.8559390306472778,0.12134187668561935,0.800000011920929,0.9157894849777222,0.9330000281333923,0.8774604797363281,0.07420159131288528,0.8199999928474426,0.9389473795890808
57,0.8566666841506958,0.8360307216644287,0.11528453230857849,0.800000011920929,0.8736842274665833,0.8989999890327454,0.8605750799179077,0.070820152759552,0.8199999928474426,0.9031578898429871
58,0.8733333349227905,0.8309791088104248,0.11863680928945541,0.800000011920929,0.8631578683853149,0.9169999957084656,0.8279333710670471,0.08223115652799606,0.7400000095367432,0.9263157844543457
59,0.8653333187103271,0.7937253713607788,0.11457795649766922,0.699999988079071,0.8999999761581421,0.925000011920929,0.8632862567901611,0.07296933233737946,0.800000011920929,0.9315789341926575
60,0.8799999952316284,0.800000011920929,0.11643539369106293,0.800000011920929,0.800000011920929,0.9279999732971191,0.8438009023666382,0.07950063794851303,0.7599999904632568,0.9368420839309692
61,0.8483333587646484,0.9078603982925415,0.1205909475684166,0.8999999761581421,0.9157894849777222,0.8759999871253967,0.8778921961784363,0.07543881982564926,0.8799999952316284,0.87578946352005
62,0.8619999885559082,0.8435513973236084,0.11831814050674438,0.800000011920929,0.8894736766815186,0.9539999961853027,0.8773165345191956,0.08216684311628342,0.800000011920929,0.9621052742004395
63,0.8813333511352539,0.6629281044006348,0.1151413545012474,0.5,0.878947377204895,0.8519999980926514,0.8651376366615295,0.08396726101636887,0.8799999952316284,0.8505263328552246
64,0.8566666841506958,0.7359204888343811,0.1069144532084465,0.699999988079071,0.7736842036247253,0.8669999837875366,0.8824606537818909,0.07247529923915863,0.8999999761581421,0.8652631640434265
65,0.8606666922569275,0.7796760201454163,0.10792479664087296,0.699999988079071,0.8684210777282715,0.9229999780654907,0.8307510614395142,0.08522088825702667,0.7400000095367432,0.9326315522193909
66,0.8693333268165588,0.8309791088104248,0.11898201704025269,0.800000011920929,0.8631578683853149,0.9390000104904175,0.8489993810653687,0.08100001513957977,0.7599999904632568,0.948421061038971
67,0.8539999723434448,0.7629582285881042,0.11373292654752731,0.699999988079071,0.8315789699554443,0.8659999966621399,0.8631521463394165,0.0765816941857338,0.8600000143051147,0.8663157820701599
68,0.843666672706604,0.7196490168571472,0.127747043967247,0.6000000238418579,0.8631578683853149,0.8769999742507935,0.8878121972084045,0.07752370834350586,0.8999999761581421,0.87578946352005
69,0.8793333172798157,0.7820351123809814,0.11606775969266891,0.699999988079071,0.8736842274665833,0.8730000257492065,0.8856754899024963,0.07304834574460983,0.8999999761581421,0.8715789318084717
70,0.8473333120346069,0.8207827210426331,0.1198551282286644,0.800000011920929,0.8421052694320679,0.8899999856948853,0.8947213292121887,0.06940503418445587,0.8999999761581421,0.8894736766815186
71,0.8560000061988831,0.7960428595542908,0.12295807152986526,0.699999988079071,0.9052631855010986,0.968999981880188,0.7317463159561157,0.12334642559289932,0.5400000214576721,0.9915789365768433
72,0.8523333072662354,0.6882472038269043,0.12661869823932648,0.6000000238418579,0.7894737124443054,0.9449999928474426,0.8075173497200012,0.08032693713903427,0.6800000071525574,0.9589473605155945
73,0.8629999756813049,0.7867320775985718,0.10909076035022736,0.699999988079071,0.8842105269432068,0.8519999980926514,0.8743719458580017,0.0916561409831047,0.8999999761581421,0.8494736552238464
74,0.8479999899864197,0.8309791088104248,0.10828359425067902,0.800000011920929,0.8631578683853149,0.9509999752044678,0.8437759876251221,0.07907453179359436,0.7400000095367432,0.9621052742004395
75,0.8840000033378601,0.8410519957542419,0.1094784364104271,0.800000011920929,0.8842105269432068,0.890999972820282,0.8952506184577942,0.06853360682725906,0.8999999761581421,0.890526294708252
76,0.8703333139419556,0.9514532089233398,0.11363514512777328,1.0,0.9052631855010986,0.8970000147819519,0.8792580366134644,0.07179442793130875,0.8600000143051147,0.8989473581314087
77,0.8679999709129333,0.7701674699783325,0.11132446676492691,0.699999988079071,0.8473684191703796,0.9240000247955322,0.8312197923660278,0.11428548395633698,0.7400000095367432,0.933684229850769
78,0.8483333587646484,0.7920659184455872,0.1272141933441162,0.800000011920929,0.7842105031013489,0.8240000009536743,0.8315362930297852,0.09592486172914505,0.8399999737739563,0.8231579065322876
79,0.8483333587646484,0.7130365371704102,0.1116926446557045,0.6000000238418579,0.8473684191703796,0.9300000071525574,0.8553115725517273,0.08505406230688095,0.7799999713897705,0.9378947615623474
80,0.8690000176429749,0.8052459359169006,0.1133851557970047,0.699999988079071,0.9263157844543457,0.9449999928474426,0.8624811172485352,0.08659037202596664,0.7799999713897705,0.9536842107772827
81,0.8586666584014893,0.8052459359169006,0.10781101137399673,0.699999988079071,0.9263157844543457,0.902999997138977,0.85248863697052,0.07969701290130615,0.800000011920929,0.9084210395812988
82,0.8533333539962769,0.8534758687019348,0.11035915464162827,0.800000011920929,0.9105263352394104,0.902999997138977,0.8106138110160828,0.0954274982213974,0.7200000286102295,0.9126315712928772
83,0.8823333382606506,0.8385450839996338,0.10881993174552917,0.800000011920929,0.878947377204895,0.8519999980926514,0.8651376366615295,0.08111570030450821,0.8799999952316284,0.8505263328552246
84,0.8519999980926514,0.6366028189659119,0.11590542644262314,0.5,0.8105263113975525,0.8999999761581421,0.8808010816574097,0.07316529750823975,0.8600000143051147,0.9021052718162537
85,0.8603333234786987,0.7890700697898865,0.10801003873348236,0.699999988079071,0.8894736766815186,0.8289999961853027,0.870789110660553,0.08137720823287964,0.9200000166893005,0.824210524559021
86,0.859666645526886,0.9147907495498657,0.10580141097307205,1.0,0.8368421196937561,0.9269999861717224,0.8538704514503479,0.09146006405353546,0.7799999713897705,0.9347368478775024
87,0.8633333444595337,0.8583950400352478,0.11036063730716705,0.800000011920929,0.9210526347160339,0.8809999823570251,0.8002631664276123,0.0963614284992218,0.7200000286102295,0.8894736766815186
88,0.862333357334137,0.7581139802932739,0.10201888531446457,0.699999988079071,0.821052610874176,0.9049999713897705,0.8432268500328064,0.08155429363250732,0.7799999713897705,0.9115789532661438
89,0.8629999756813049,0.7820351123809814,0.10686855763196945,0.699999988079071,0.8736842274665833,0.9229999780654907,0.8826037645339966,0.07378767430782318,0.8399999737739563,0.9273684024810791
90,0.8613333106040955,0.8335087895393372,0.11176368594169617,0.800000011920929,0.8684210777282715,0.9580000042915344,0.765575110912323,0.10182582587003708,0.6000000238418579,0.9768421053886414
91,0.8830000162124634,0.751839816570282,0.10641682147979736,0.6000000238418579,0.942105233669281,0.9259999990463257,0.8321563601493835,0.07867554575204849,0.7400000095367432,0.9357894659042358
92,0.8573333621025085,0.7605399489402771,0.10832821577787399,0.699999988079071,0.8263157606124878,0.9070000052452087,0.8442000150680542,0.08796562254428864,0.7799999713897705,0.9136841893196106
93,0.8663333058357239,0.8335087895393372,0.10901618748903275,0.800000011920929,0.8684210777282715,0.949999988079071,0.7498631477355957,0.11084789782762527,0.5799999833106995,0.969473659992218
94,0.8679999709129333,0.8623712658882141,0.10381978750228882,0.8999999761581421,0.8263157606124878,0.9449999928474426,0.8518216013908386,0.07987076789140701,0.7599999904632568,0.9547368288040161
95,0.875333309173584,0.730536937713623,0.11045010387897491,0.6000000238418579,0.8894736766815186,0.890999972820282,0.8857705593109131,0.07310887426137924,0.8799999952316284,0.8915789723396301
96,0.8679999709129333,0.7369924783706665,0.10846782475709915,0.6000000238418579,0.9052631855010986,0.8859999775886536,0.8831522464752197,0.07138922065496445,0.8799999952316284,0.8863157629966736
97,0.8653333187103271,0.8485281467437744,0.10441488772630692,0.800000011920929,0.8999999761581421,0.9110000133514404,0.87657231092453,0.07212692499160767,0.8399999737739563,0.9147368669509888
98,0.878333330154419,0.8510056138038635,0.11384431272745132,0.800000011920929,0.9052631855010986,0.9160000085830688,0.8588854074478149,0.08646697551012039,0.800000011920929,0.9221052527427673
99,0.859666645526886,0.8623712658882141,0.11232045292854309,0.8999999761581421,0.8263157606124878,0.9049999713897705,0.8735408782958984,0.0761004388332367,0.8399999737739563,0.9084210395812988
100,0.8643333315849304,0.7412649393081665,0.1180124506354332,0.6000000238418579,0.9157894849777222,0.8970000147819519,0.8889023661613464,0.07518208026885986,0.8799999952316284,0.8978947401046753
101,0.8653333187103271,0.8207827210426331,0.1016307920217514,0.800000011920929,0.8421052694320679,0.9430000185966492,0.8179563283920288,0.09660252928733826,0.699999988079071,0.9557894468307495
102,0.8849999904632568,0.5286527276039124,0.11128824204206467,0.30000001192092896,0.9315789341926575,0.9190000295639038,0.8905113935470581,0.06977206468582153,0.8600000143051147,0.9221052527427673
103,0.8619999885559082,0.7605399489402771,0.10782751441001892,0.699999988079071,0.8263157606124878,0.8339999914169312,0.8645656108856201,0.07590742409229279,0.8999999761581421,0.8305262923240662
104,0.8690000176429749,0.6688560247421265,0.1045435443520546,0.5,0.8947368264198303,0.9169999957084656,0.8695552349090576,0.07305791974067688,0.8199999928474426,0.9221052527427673
105,0.8610000014305115,0.8732877969741821,0.10606469213962555,0.8999999761581421,0.8473684191703796,0.949999988079071,0.8433142900466919,0.08222374320030212,0.7400000095367432,0.961052656173706
106,0.8836666941642761,0.8006576299667358,0.10971374809741974,0.699999988079071,0.9157894849777222,0.9399999976158142,0.8600978851318359,0.07506459206342697,0.7799999713897705,0.948421061038971
107,0.871666669845581,0.7262013554573059,0.1019064337015152,0.6000000238418579,0.878947377204895,0.8529999852180481,0.8840337991714478,0.07460182160139084,0.9200000166893005,0.8494736552238464
108,0.8486666679382324,0.6155869960784912,0.1143137514591217,0.4000000059604645,0.9473684430122375,0.9079999923706055,0.9042007327079773,0.07079723477363586,0.8999999761581421,0.9084210395812988
109,0.8806666731834412,0.6786208748817444,0.10158120840787888,0.5,0.9210526347160339,0.890999972820282,0.876163899898529,0.07072612643241882,0.8600000143051147,0.8926315903663635
110,0.8766666650772095,0.8485281467437744,0.10503656417131424,0.800000011920929,0.8999999761581421,0.9629999995231628,0.7676348090171814,0.10413459688425064,0.6000000238418579,0.9821052551269531
111,0.887333333492279,0.8510056138038635,0.1014152243733406,0.800000011920929,0.9052631855010986,0.8849999904632568,0.8920703530311584,0.07104415446519852,0.8999999761581421,0.8842105269432068
112,0.8686666488647461,0.7581139802932739,0.11678861826658249,0.699999988079071,0.821052610874176,0.8899999856948853,0.9040727019309998,0.07302843779325485,0.9200000166893005,0.8884210586547852
113,0.8690000176429749,0.7701674699783325,0.1093839555978775,0.699999988079071,0.8473684191703796,0.9369999766349792,0.8152493834495544,0.08051113784313202,0.699999988079071,0.9494736790657043
114,0.8723333477973938,0.9052478671073914,0.1093379333615303,0.8999999761581421,0.9105263352394104,0.8640000224113464,0.8808488249778748,0.07719624787569046,0.8999999761581421,0.8621052503585815
115,0.8946666717529297,0.7983535528182983,0.09472290426492691,0.699999988079071,0.9105263352394104,0.8700000047683716,0.884069561958313,0.07116462290287018,0.8999999761581421,0.8684210777282715
116,0.8723333477973938,0.8435513973236084,0.10920526087284088,0.800000011920929,0.8894736766815186,0.9179999828338623,0.870051383972168,0.0788157731294632,0.8199999928474426,0.9231578707695007
117,0.8730000257492065,0.6708203554153442,0.10476075112819672,0.5,0.8999999761581421,0.9240000247955322,0.8930491805076599,0.07308430969715118,0.8600000143051147,0.9273684024810791
118,0.8666666746139526,0.8759956359863281,0.106075718998909,0.8999999761581421,0.8526315689086914,0.8539999723434448,0.8662077188491821,0.0821199119091034,0.8799999952316284,0.8526315689086914
119,0.8723333477973938,0.8460434079170227,0.10253986716270447,0.800000011920929,0.8947368264198303,0.9129999876022339,0.8366600275039673,0.08366234600543976,0.7599999904632568,0.9210526347160339
120,0.8799999952316284,0.8052459359169006,0.11073027551174164,0.800000011920929,0.8105263113975525,0.9070000052452087,0.894097626209259,0.07301443815231323,0.8799999952316284,0.9084210395812988
121,0.8733333349227905,0.8657214641571045,0.10603614896535873,0.800000011920929,0.9368420839309692,0.8889999985694885,0.8654053211212158,0.07775633037090302,0.8399999737739563,0.8915789723396301
122,0.8726666569709778,0.8583950400352478,0.10862238705158234,0.800000011920929,0.9210526347160339,0.9309999942779541,0.8662077188491821,0.07348676025867462,0.800000011920929,0.9378947615623474
123,0.8700000047683716,0.7581139802932739,0.10558171570301056,0.699999988079071,0.821052610874176,0.925000011920929,0.8632862567901611,0.07163692265748978,0.800000011920929,0.9315789341926575
124,0.8703333139419556,0.7796760201454163,0.1045481413602829,0.699999988079071,0.8684210777282715,0.8679999709129333,0.8829972743988037,0.08265098184347153,0.8999999761581421,0.8663157820701599
125,0.8683333396911621,0.8385450839996338,0.11210976541042328,0.800000011920929,0.878947377204895,0.8960000276565552,0.9072805047035217,0.06949722021818161,0.9200000166893005,0.8947368264198303
126,0.8646666407585144,0.7914011478424072,0.10269185900688171,0.699999988079071,0.8947368264198303,0.8960000276565552,0.8590692281723022,0.0797823891043663,0.8199999928474426,0.8999999761581421
127,0.8896666765213013,0.7174516320228577,0.1134112998843193,0.6000000238418579,0.8578947186470032,0.8650000095367432,0.8720695376396179,0.07497357577085495,0.8799999952316284,0.8642105460166931
128,0.8700000047683716,0.7455129027366638,0.10183463245630264,0.6000000238418579,0.9263157844543457,0.925000011920929,0.8735167980194092,0.07347140461206436,0.8199999928474426,0.9305263161659241
129,0.871999979019165,0.751839816570282,0.10645417124032974,0.6000000238418579,0.942105233669281,0.9160000085830688,0.8690587878227234,0.07540757209062576,0.8199999928474426,0.9210526347160339
130,0.8693333268165588,0.8309791088104248,0.1076277568936348,0.800000011920929,0.8631578683853149,0.8870000243186951,0.893131673336029,0.07548210769891739,0.8999999761581421,0.8863157629966736
131,0.8663333058357239,0.6766791939735413,0.10480189323425293,0.5,0.9157894849777222,0.9300000071525574,0.8759836554527283,0.0714666023850441,0.8199999928474426,0.9357894659042358
132,0.8573333621025085,0.8732877969741821,0.11727092415094376,0.8999999761581421,0.8473684191703796,0.9010000228881836,0.890984058380127,0.07350822538137436,0.8799999952316284,0.9021052718162537
133,0.859000027179718,0.8732877969741821,0.11725331097841263,0.8999999761581421,0.8473684191703796,0.8730000257492065,0.8949213624000549,0.07647199928760529,0.9200000166893005,0.8705263137817383
134,0.8640000224113464,0.8460434079170227,0.10810787230730057,0.800000011920929,0.8947368264198303,0.9369999766349792,0.8480565547943115,0.07859698683023453,0.7599999904632568,0.9463157653808594
135,0.8769999742507935,0.7820351123809814,0.10717834532260895,0.699999988079071,0.8736842274665833,0.9079999923706055,0.8946154713630676,0.06616642326116562,0.8799999952316284,0.9094736576080322
136,0.878333330154419,0.8568608164787292,0.10593011975288391,0.8999999761581421,0.8157894611358643,0.8669999837875366,0.8824606537818909,0.07580985873937607,0.8999999761581421,0.8652631640434265
137,0.8700000047683716,0.7914011478424072,0.10750525444746017,0.699999988079071,0.8947368264198303,0.8880000114440918,0.8550407886505127,0.07811865955591202,0.8199999928474426,0.8915789723396301
138,0.8636666536331177,0.9403246641159058,0.10397472232580185,1.0,0.8842105269432068,0.9290000200271606,0.8652349710464478,0.07133625447750092,0.800000011920929,0.9357894659042358
139,0.890333354473114,0.8410519957542419,0.10091203451156616,0.800000011920929,0.8842105269432068,0.9459999799728394,0.819306492805481,0.08759773522615433,0.699999988079071,0.9589473605155945
140,0.8966666460037231,0.9156533479690552,0.10464257001876831,0.8999999761581421,0.9315789341926575,0.9290000200271606,0.8856041431427002,0.07248745113611221,0.8399999737739563,0.933684229850769
141,0.8809999823570251,0.7152475118637085,0.11298790574073792,0.6000000238418579,0.8526315689086914,0.8669999837875366,0.8916690349578857,0.07773885875940323,0.9200000166893005,0.8642105460166931
142,0.8573333621025085,0.777309775352478,0.10394496470689774,0.699999988079071,0.8631578683853149,0.9089999794960022,0.9047244191169739,0.07621919363737106,0.8999999761581421,0.9094736576080322
143,0.8843333125114441,0.8156366944313049,0.100713349878788,0.800000011920929,0.8315789699554443,0.8709999918937683,0.8938385844230652,0.07550054788589478,0.9200000166893005,0.8684210777282715
144,0.8693333268165588,0.818213701248169,0.10886678099632263,0.800000011920929,0.8368421196937561,0.8949999809265137,0.8878596425056458,0.07161404937505722,0.8799999952316284,0.8957894444465637
145,0.871999979019165,0.9403246641159058,0.11292502284049988,1.0,0.8842105269432068,0.9229999780654907,0.8925421833992004,0.0746040791273117,0.8600000143051147,0.9263157844543457
146,0.8893333077430725,0.818213701248169,0.09367316961288452,0.800000011920929,0.8368421196937561,0.9279999732971191,0.8222178220748901,0.07816862314939499,0.7200000286102295,0.9389473795890808
147,0.8629999756813049,0.8944271802902222,0.1044325903058052,1.0,0.800000011920929,0.8949999809265137,0.8782278895378113,0.07383907586336136,0.8600000143051147,0.8968421220779419
148,0.8743333220481873,0.7369924783706665,0.09428808838129044,0.6000000238418579,0.9052631855010986,0.921999990940094,0.8409518599510193,0.07750912755727768,0.7599999904632568,0.9305263161659241
149,0.8886666893959045,0.7937253713607788,0.10092993825674057,0.699999988079071,0.8999999761581421,0.9229999780654907,0.851945161819458,0.08492636680603027,0.7799999713897705,0.9305263161659241
150,0.8676666617393494,0.9078603982925415,0.0972888320684433,0.8999999761581421,0.9157894849777222,0.9100000262260437,0.8859250545501709,0.07018043845891953,0.8600000143051147,0.9126315712928772
151,0.878000020980835,0.7983535528182983,0.09218417853116989,0.699999988079071,0.9105263352394104,0.925000011920929,0.8423776030540466,0.071418896317482,0.7599999904632568,0.933684229850769
152,0.8863333463668823,0.8435513973236084,0.09624123573303223,0.800000011920929,0.8894736766815186,0.906000018119812,0.8838790059089661,0.0749819427728653,0.8600000143051147,0.9084210395812988
153,0.887666642665863,0.870571494102478,0.0865284651517868,0.800000011920929,0.9473684430122375,0.9419999718666077,0.8396114706993103,0.07700027525424957,0.7400000095367432,0.9526315927505493
154,0.8859999775886536,0.7130365371704102,0.09549138695001602,0.6000000238418579,0.8473684191703796,0.9210000038146973,0.8613331317901611,0.07239881157875061,0.800000011920929,0.9273684024810791
155,0.8833333253860474,0.6688560247421265,0.10169519484043121,0.5,0.8947368264198303,0.8840000033378601,0.843052089214325,0.0862569808959961,0.800000011920929,0.8884210586547852
156,0.8550000190734863,0.7455129027366638,0.10482779890298843,0.6000000238418579,0.9263157844543457,0.8759999871253967,0.8872784972190857,0.07616681605577469,0.8999999761581421,0.8747368454933167
157,0.8600000143051147,0.9156533479690552,0.10692114382982254,0.8999999761581421,0.9315789341926575,0.921999990940094,0.8084422945976257,0.08292818814516068,0.699999988079071,0.933684229850769
158,0.8786666393280029,0.9403246641159058,0.09854640066623688,1.0,0.8842105269432068,0.9139999747276306,0.8475972414016724,0.08197373896837234,0.7799999713897705,0.9210526347160339
159,0.8733333349227905,0.884069561958313,0.09949414432048798,0.8999999761581421,0.8684210777282715,0.8880000114440918,0.8550407886505127,0.07719740271568298,0.8199999928474426,0.8915789723396301
160,0.8573333621025085,0.774936318397522,0.1009787991642952,0.699999988079071,0.8578947186470032,0.8970000147819519,0.8694825768470764,0.07848373800516129,0.8399999737739563,0.8999999761581421
161,0.8803333044052124,0.8973645567893982,0.09127537161111832,0.8999999761581421,0.8947368264198303,0.9129999876022339,0.897200345993042,0.06891577690839767,0.8799999952316284,0.9147368669509888
162,0.8759999871253967,0.8435513973236084,0.09535366296768188,0.800000011920929,0.8894736766815186,0.9110000133514404,0.8864358067512512,0.07359856367111206,0.8600000143051147,0.9136841893196106
163,0.8703333139419556,0.8510056138038635,0.09479723125696182,0.800000011920929,0.9052631855010986,0.8949999809265137,0.8973645567893982,0.07104912400245667,0.8999999761581421,0.8947368264198303
164,0.8859999775886536,0.8460434079170227,0.09523308277130127,0.800000011920929,0.8947368264198303,0.9390000104904175,0.8161527514457703,0.0799008458852768,0.699999988079071,0.9515789747238159
165,0.893666684627533,0.8608441352844238,0.09782873094081879,0.800000011920929,0.9263157844543457,0.9440000057220459,0.7838367223739624,0.09146305918693542,0.6399999856948853,0.9599999785423279
166,0.8809999823570251,0.6958523988723755,0.1078571230173111,0.5,0.9684210419654846,0.9300000071525574,0.8553115725517273,0.08506935089826584,0.7799999713897705,0.9378947615623474
167,0.8740000128746033,0.8583950400352478,0.1007019504904747,0.800000011920929,0.9210526347160339,0.8930000066757202,0.8868157267570496,0.07933643460273743,0.8799999952316284,0.8936842083930969
168,0.8803333044052124,0.8029550313949585,0.09715867787599564,0.699999988079071,0.9210526347160339,0.8999999761581421,0.8610764145851135,0.07914954423904419,0.8199999928474426,0.9042105078697205
169,0.8796666860580444,0.8233436346054077,0.09494320303201675,0.800000011920929,0.8473684191703796,0.9610000252723694,0.7668116092681885,0.10467962175607681,0.6000000238418579,0.9800000190734863
170,0.9070000052452087,0.8166040182113647,0.1050720289349556,0.699999988079071,0.9526315927505493,0.9350000023841858,0.8254376649856567,0.08144055306911469,0.7200000286102295,0.9463157653808594
171,0.8963333368301392,0.8006576299667358,0.0938970148563385,0.699999988079071,0.9157894849777222,0.9229999780654907,0.8826037645339966,0.06987109035253525,0.8399999737739563,0.9273684024810791
172,0.8730000257492065,0.8759956359863281,0.10161077976226807,0.8999999761581421,0.8526315689086914,0.9470000267028809,0.8527602553367615,0.07996772229671478,0.7599999904632568,0.9568421244621277
173,0.8899999856948853,0.9347108006477356,0.09166012704372406,1.0,0.8736842274665833,0.9020000100135803,0.8519945740699768,0.07545563578605652,0.800000011920929,0.9073684215545654
174,0.8703333139419556,0.7653688788414001,0.10120835900306702,0.699999988079071,0.8368421196937561,0.9210000038146973,0.8079864382743835,0.08751148730516434,0.699999988079071,0.9326315522193909
175,0.8790000081062317,0.7960428595542908,0.09859658032655716,0.699999988079071,0.9052631855010986,0.9229999780654907,0.8199101686477661,0.09088952839374542,0.7200000286102295,0.933684229850769
176,0.8913333415985107,0.884069561958313,0.08872175216674805,0.8999999761581421,0.8684210777282715,0.9440000057220459,0.7719149589538574,0.08841577917337418,0.6200000047683716,0.961052656173706
177,0.8763333559036255,0.774936318397522,0.09352989494800568,0.699999988079071,0.8578947186470032,0.9179999828338623,0.828403651714325,0.08096946775913239,0.7400000095367432,0.9273684024810791
178,0.8963333368301392,0.7455129027366638,0.0870724469423294,0.6000000238418579,0.9263157844543457,0.9150000214576721,0.8583950400352478,0.08292531222105026,0.800000011920929,0.9210526347160339
179,0.8806666731834412,0.8360307216644287,0.09487070143222809,0.800000011920929,0.8736842274665833,0.9100000262260437,0.8352245092391968,0.08628718554973602,0.7599999904632568,0.917894721031189
180,0.8913333415985107,0.6688560247421265,0.10047545284032822,0.5,0.8947368264198303,0.902999997138977,0.872528076171875,0.07379734516143799,0.8399999737739563,0.906315803527832
181,0.8883333206176758,0.8029550313949585,0.08825963735580444,0.699999988079071,0.9210526347160339,0.9599999785423279,0.7539230585098267,0.10193222016096115,0.5799999833106995,0.9800000190734863
182,0.871666669845581,0.8485281467437744,0.1133870854973793,0.800000011920929,0.8999999761581421,0.9139999747276306,0.8879663348197937,0.07711349427700043,0.8600000143051147,0.9168421030044556
183,0.8673333525657654,0.777309775352478,0.09540319442749023,0.699999988079071,0.8631578683853149,0.9480000138282776,0.7736039757728577,0.10164710879325867,0.6200000047683716,0.9652631282806396
184,0.8993333578109741,0.8681498765945435,0.10180292278528214,0.800000011920929,0.942105233669281,0.9070000052452087,0.9036766886711121,0.07101716101169586,0.8999999761581421,0.9073684215545654
185,0.8976666927337646,0.7433919906616211,0.08967526257038116,0.6000000238418579,0.9210526347160339,0.8880000114440918,0.8842005133628845,0.07067272067070007,0.8799999952316284,0.8884210586547852
186,0.8799999952316284,0.9431191086769104,0.09462893754243851,1.0,0.8894736766815186,0.906000018119812,0.8120150566101074,0.0783073902130127,0.7200000286102295,0.9157894849777222
187,0.9006666541099548,0.8510056138038635,0.09094026684761047,0.800000011920929,0.9052631855010986,0.9470000267028809,0.7610242366790771,0.10965888202190399,0.6000000238418579,0.9652631282806396
188,0.878000020980835,0.8813864588737488,0.09423644840717316,0.8999999761581421,0.8631578683853149,0.9139999747276306,0.8579044342041016,0.0850456953048706,0.800000011920929,0.9200000166893005
189,0.9053333401679993,0.747627854347229,0.07960039377212524,0.6000000238418579,0.9315789341926575,0.9279999732971191,0.7999473214149475,0.09326986223459244,0.6800000071525574,0.9410526156425476
190,0.8943333625793457,0.870571494102478,0.08721670508384705,0.800000011920929,0.9473684430122375,0.9259999990463257,0.8533895015716553,0.08274782449007034,0.7799999713897705,0.933684229850769
191,0.8809999823570251,0.8583950400352478,0.09376554936170578,0.800000011920929,0.9210526347160339,0.921999990940094,0.8084422945976257,0.09115184098482132,0.699999988079071,0.933684229850769
192,0.8820000290870667,0.8006576299667358,0.09800969064235687,0.699999988079071,0.9157894849777222,0.9039999842643738,0.8217952251434326,0.08825712651014328,0.7400000095367432,0.9126315712928772
193,0.8723333477973938,0.9052478671073914,0.10887091606855392,0.8999999761581421,0.9105263352394104,0.9129999876022339,0.8366600275039673,0.08891988545656204,0.7599999904632568,0.9210526347160339
194,0.8813333511352539,0.9119095206260681,0.0926593691110611,1.0,0.8315789699554443,0.9440000057220459,0.8070740103721619,0.09662093967199326,0.6800000071525574,0.9578947424888611
195,0.9039999842643738,0.8385450839996338,0.09117536246776581,0.800000011920929,0.878947377204895,0.9039999842643738,0.8925421833992004,0.08285023272037506,0.8799999952316284,0.9052631855010986
196,0.8943333625793457,0.7937253713607788,0.0887363851070404,0.699999988079071,0.8999999761581421,0.9049999713897705,0.8534758687019348,0.08444079756736755,0.800000011920929,0.9105263352394104
197,0.9049999713897705,0.8360307216644287,0.08266724646091461,0.800000011920929,0.8736842274665833,0.8849999904632568,0.8826276659965515,0.07655176520347595,0.8799999952316284,0.8852631449699402
198,0.8769999742507935,0.7867320775985718,0.09630591422319412,0.699999988079071,0.8842105269432068,0.9020000100135803,0.8417650461196899,0.08297167718410492,0.7799999713897705,0.9084210395812988
199,0.887333333492279,0.7843871116638184,0.08677565306425095,0.699999988079071,0.878947377204895,0.8769999742507935,0.8395487666130066,0.08072515577077866,0.800000011920929,0.8810526132583618
200,0.8776666522026062,0.8510056138038635,0.09197556972503662,0.800000011920929,0.9052631855010986,0.9070000052452087,0.8544619679450989,0.07831235975027084,0.800000011920929,0.9126315712928772
201,0.8989999890327454,0.7937253713607788,0.08800133317708969,0.699999988079071,0.8999999761581421,0.9049999713897705,0.8635787963867188,0.07993289083242416,0.8199999928474426,0.9094736576080322
202,0.8773333430290222,0.8207827210426331,0.10013465583324432,0.800000011920929,0.8421052694320679,0.8889999985694885,0.8251060247421265,0.08992432057857513,0.7599999904632568,0.8957894444465637
203,0.8816666603088379,0.8006576299667358,0.09770433604717255,0.699999988079071,0.9157894849777222,0.9190000295639038,0.8070740103721619,0.09654639661312103,0.699999988079071,0.9305263161659241
204,0.9049999713897705,0.8510056138038635,0.09103812277317047,0.800000011920929,0.9052631855010986,0.953000009059906,0.7635099291801453,0.10929729044437408,0.6000000238418579,0.9715789556503296
205,0.8806666731834412,0.7725555896759033,0.09164954721927643,0.699999988079071,0.8526315689086914,0.9010000228881836,0.8615775108337402,0.08253590762615204,0.8199999928474426,0.9052631855010986
206,0.8823333382606506,0.6805570721626282,0.09927823394536972,0.5,0.9263157844543457,0.921999990940094,0.7858887314796448,0.0994681715965271,0.6600000262260437,0.9357894659042358
207,0.9006666541099548,0.8460434079170227,0.08412441611289978,0.800000011920929,0.8947368264198303,0.9480000138282776,0.7614390850067139,0.10437879711389542,0.6000000238418579,0.9663158059120178
208,0.8859999775886536,0.7796760201454163,0.08810731768608093,0.699999988079071,0.8684210777282715,0.8980000019073486,0.8189467191696167,0.09315365552902222,0.7400000095367432,0.906315803527832
209,0.9089999794960022,0.7983535528182983,0.09238436073064804,0.699999988079071,0.9105263352394104,0.9010000228881836,0.8309031128883362,0.09348152577877045,0.7599999904632568,0.9084210395812988
210,0.890333354473114,0.8608441352844238,0.0871267020702362,0.800000011920929,0.9263157844543457,0.8999999761581421,0.8092101216316223,0.09192245453596115,0.7200000286102295,0.9094736576080322
211,0.8893333077430725,0.8075303435325623,0.09434550255537033,0.699999988079071,0.9315789341926575,0.902999997138977,0.8318653702735901,0.087966687977314,0.7599999904632568,0.9105263352394104
212,0.8999999761581421,0.8335087895393372,0.0865665078163147,0.800000011920929,0.8684210777282715,0.9049999713897705,0.8328264951705933,0.09003975987434387,0.7599999904632568,0.9126315712928772
213,0.8830000162124634,0.6805570721626282,0.08899655938148499,0.5,0.9263157844543457,0.9139999747276306,0.8371379971504211,0.09071508795022964,0.7599999904632568,0.9221052527427673
214,0.8960000276565552,0.9459052681922913,0.09067996591329575,1.0,0.8947368264198303,0.9269999861717224,0.8217568397521973,0.09301243722438812,0.7200000286102295,0.9378947615623474
215,0.9073333144187927,0.8143450617790222,0.08114279061555862,0.699999988079071,0.9473684430122375,0.8960000276565552,0.8590692281723022,0.08197035640478134,0.8199999928474426,0.8999999761581421
216,0.9086666703224182,0.7455129027366638,0.091895192861557,0.6000000238418579,0.9263157844543457,0.8980000019073486,0.8294576406478882,0.0809996947646141,0.7599999904632568,0.9052631855010986
217,0.8849999904632568,0.7843871116638184,0.09762484580278397,0.699999988079071,0.878947377204895,0.9110000133514404,0.8665722012519836,0.0778568908572197,0.8199999928474426,0.9157894849777222
218,0.8960000276565552,0.7796760201454163,0.08826496452093124,0.699999988079071,0.8684210777282715,0.9100000262260437,0.8246338963508606,0.08539469540119171,0.7400000095367432,0.9189473390579224
219,0.8859999775886536,0.8284417986869812,0.09929094463586807,0.800000011920929,0.8578947186470032,0.9210000038146973,0.7854465842247009,0.0946265459060669,0.6600000262260437,0.9347368478775024
220,0.9026666879653931,0.7960428595542908,0.07897576689720154,0.699999988079071,0.9052631855010986,0.9279999732971191,0.7999473214149475,0.09219780564308167,0.6800000071525574,0.9410526156425476
221,0.9053333401679993,0.9597148895263672,0.08805724233388901,1.0,0.9210526347160339,0.9330000281333923,0.8354261517524719,0.08935478329658508,0.7400000095367432,0.9431579113006592
222,0.9010000228881836,0.7820351123809814,0.09967337548732758,0.699999988079071,0.8736842274665833,0.9229999780654907,0.7863305807113647,0.10014764219522476,0.6600000262260437,0.9368420839309692
223,0.8886666893959045,0.7581139802932739,0.08874417096376419,0.699999988079071,0.821052610874176,0.902999997138977,0.8213211297988892,0.11534066498279572,0.7400000095367432,0.9115789532661438
224,0.8866666555404663,0.8759956359863281,0.09538688510656357,0.8999999761581421,0.8526315689086914,0.9089999794960022,0.7801214456558228,0.09615238755941391,0.6600000262260437,0.9221052527427673
225,0.9036666750907898,0.8211032152175903,0.08477120101451874,0.699999988079071,0.9631578922271729,0.8920000195503235,0.8368738293647766,0.08945685625076294,0.7799999713897705,0.8978947401046753
226,0.890666663646698,0.8460434079170227,0.09344106912612915,0.800000011920929,0.8947368264198303,0.9190000295639038,0.7845615744590759,0.09964647144079208,0.6600000262260437,0.9326315522193909
227,0.8986666798591614,0.9679060578346252,0.08548986166715622,1.0,0.9368420839309692,0.9520000219345093,0.6984946131706238,0.12720811367034912,0.5,0.975789487361908
228,0.9123333096504211,0.8485281467437744,0.09488028287887573,0.800000011920929,0.8999999761581421,0.9110000133514404,0.8034137487411499,0.09609207510948181,0.699999988079071,0.9221052527427673
229,0.9056666493415833,0.8188567161560059,0.08587382733821869,0.699999988079071,0.9578947424888611,0.9100000262260437,0.813879668712616,0.08991469442844391,0.7200000286102295,0.9200000166893005
230,0.9016666412353516,0.7218397855758667,0.09499575942754745,0.6000000238418579,0.8684210777282715,0.8790000081062317,0.8504859209060669,0.08911757916212082,0.8199999928474426,0.88210529088974
231,0.8913333415985107,0.7890700697898865,0.08281752467155457,0.699999988079071,0.8894736766815186,0.9070000052452087,0.8337865471839905,0.09680534899234772,0.7599999904632568,0.9147368669509888
232,0.9006666541099548,0.7960428595542908,0.0805138573050499,0.699999988079071,0.9052631855010986,0.9490000009536743,0.7368210554122925,0.13571985065937042,0.5600000023841858,0.969473659992218
233,0.9123333096504211,0.8075303435325623,0.07962942868471146,0.699999988079071,0.9315789341926575,0.890999972820282,0.876163899898529,0.08388154953718185,0.8600000143051147,0.8926315903663635
234,0.8849999904632568,0.8510056138038635,0.08368251472711563,0.800000011920929,0.9052631855010986,0.9449999928474426,0.7723375558853149,0.10487537086009979,0.6200000047683716,0.9621052742004395
235,0.9086666703224182,0.8947213292121887,0.08900415152311325,0.8999999761581421,0.8894736766815186,0.9509999752044678,0.7868391275405884,0.11763650923967361,0.6399999856948853,0.9673684239387512
236,0.9003333449363708,0.8410519957542419,0.0824926570057869,0.800000011920929,0.8842105269432068,0.9160000085830688,0.838093101978302,0.09238608926534653,0.7599999904632568,0.9242105484008789
237,0.890333354473114,0.8608441352844238,0.09062852710485458,0.800000011920929,0.9263157844543457,0.9279999732971191,0.776930570602417,0.1034758910536766,0.6399999856948853,0.9431579113006592
238,0.8863333463668823,0.870571494102478,0.09009459614753723,0.8999999761581421,0.8421052694320679,0.9169999957084656,0.7950107455253601,0.09519625455141068,0.6800000071525574,0.9294736981391907
239,0.8996666669845581,0.8052459359169006,0.07765847444534302,0.699999988079071,0.9263157844543457,0.9139999747276306,0.8157399296760559,0.08803560584783554,0.7200000286102295,0.9242105484008789
240,0.8913333415985107,0.8973645567893982,0.08185926079750061,0.8999999761581421,0.8947368264198303,0.9459999799728394,0.7964262962341309,0.11032614856958389,0.6600000262260437,0.961052656173706
241,0.9169999957084656,0.913063108921051,0.09114453196525574,0.8999999761581421,0.9263157844543457,0.9369999766349792,0.7808228135108948,0.11902059614658356,0.6399999856948853,0.9526315927505493
242,0.8886666893959045,0.8485281467437744,0.0884445458650589,0.800000011920929,0.8999999761581421,0.9369999766349792,0.7320051789283752,0.14932456612586975,0.5600000023841858,0.9568421244621277
243,0.9006666541099548,0.8075303435325623,0.09336457401514053,0.699999988079071,0.9315789341926575,0.9200000166893005,0.7617017030715942,0.10615574568510056,0.6200000047683716,0.9357894659042358
244,0.903333306312561,0.8534758687019348,0.08990465849637985,0.800000011920929,0.9105263352394104,0.8930000066757202,0.8270428776741028,0.08461856842041016,0.7599999904632568,0.8999999761581421
245,0.8896666765213013,0.8973645567893982,0.08006388694047928,0.8999999761581421,0.8947368264198303,0.9330000281333923,0.8245190382003784,0.08758726716041565,0.7200000286102295,0.9442105293273926
246,0.9166666865348816,0.7983535528182983,0.07243528962135315,0.699999988079071,0.9105263352394104,0.9330000281333923,0.8245190382003784,0.10887884348630905,0.7200000286102295,0.9442105293273926
247,0.9043333530426025,0.7348469495773315,0.0844380334019661,0.6000000238418579,0.8999999761581421,0.9160000085830688,0.838093101978302,0.08236592262983322,0.7599999904632568,0.9242105484008789
248,0.9143333435058594,0.8920703530311584,0.09061972796916962,0.8999999761581421,0.8842105269432068,0.9279999732971191,0.8111720085144043,0.10975853353738785,0.699999988079071,0.9399999976158142
249,0.8923333287239075,0.8657214641571045,0.08054421097040176,0.800000011920929,0.9368420839309692,0.9129999876022339,0.7932080030441284,0.13256239891052246,0.6800000071525574,0.9252631664276123
250,0.9096666574478149,0.747627854347229,0.08144553750753403,0.6000000238418579,0.9315789341926575,0.9240000247955322,0.751419723033905,0.12987981736660004,0.6000000238418579,0.9410526156425476
251,0.9110000133514404,0.9104654788970947,0.07384205609560013,0.8999999761581421,0.9210526347160339,0.9350000023841858,0.743731677532196,0.13394318521022797,0.5799999833106995,0.9536842107772827
252,0.8956666588783264,0.8460434079170227,0.0832228809595108,0.800000011920929,0.8947368264198303,0.9100000262260437,0.813879668712616,0.09990798681974411,0.7200000286102295,0.9200000166893005
253,0.890999972820282,0.9233804941177368,0.08406772464513779,1.0,0.8526315689086914,0.9120000004768372,0.8569222688674927,0.08378785848617554,0.800000011920929,0.917894721031189
254,0.9153333306312561,0.747627854347229,0.08330266177654266,0.6000000238418579,0.9315789341926575,0.9340000152587891,0.8676647543907166,0.08661859482526779,0.800000011920929,0.9410526156425476
255,0.9016666412353516,0.8052459359169006,0.07955830544233322,0.699999988079071,0.9263157844543457,0.9210000038146973,0.8079864382743835,0.09901098161935806,0.699999988079071,0.9326315522193909
256,0.9136666655540466,0.7820351123809814,0.07377567887306213,0.699999988079071,0.8736842274665833,0.906000018119812,0.8437135815620422,0.09310673177242279,0.7799999713897705,0.9126315712928772
257,0.9036666750907898,0.8681498765945435,0.07066033780574799,0.800000011920929,0.942105233669281,0.9259999990463257,0.8428522944450378,0.08420301228761673,0.7599999904632568,0.9347368478775024
258,0.9150000214576721,0.8460434079170227,0.07554787397384644,0.800000011920929,0.8947368264198303,0.9079999923706055,0.8342661261558533,0.08511797338724136,0.7599999904632568,0.9157894849777222
259,0.9126666784286499,0.8608441352844238,0.07388433814048767,0.800000011920929,0.9263157844543457,0.9100000262260437,0.8352245092391968,0.09023208171129227,0.7599999904632568,0.917894721031189
260,0.9110000133514404,0.8632862567901611,0.073848657310009,0.800000011920929,0.9315789341926575,0.9319999814033508,0.8017349243164062,0.09289239346981049,0.6800000071525574,0.945263147354126
261,0.9076666831970215,0.8284417986869812,0.07745125889778137,0.800000011920929,0.8578947186470032,0.9120000004768372,0.7927567362785339,0.11355835944414139,0.6800000071525574,0.9242105484008789
262,0.8976666927337646,0.884069561958313,0.07933484017848969,0.8999999761581421,0.8684210777282715,0.9229999780654907,0.7629858255386353,0.11304254829883575,0.6200000047683716,0.9389473795890808
263,0.8859999775886536,0.8973645567893982,0.08448204398155212,1.0,0.8052631616592407,0.9160000085830688,0.8485653400421143,0.09173528105020523,0.7799999713897705,0.9231578707695007
264,0.8913333415985107,0.8681498765945435,0.08558081835508347,0.800000011920929,0.942105233669281,0.9179999828338623,0.8495323657989502,0.08819544315338135,0.7799999713897705,0.9252631664276123
265,0.9039999842643738,0.8166040182113647,0.08113709837198257,0.699999988079071,0.9526315927505493,0.9010000228881836,0.7765510678291321,0.09472884982824326,0.6600000262260437,0.9136841893196106
266,0.9043333530426025,0.9431191086769104,0.08855156600475311,1.0,0.8894736766815186,0.9259999990463257,0.7275626063346863,0.14416763186454773,0.5600000023841858,0.945263147354126
267,0.9089999794960022,0.8608441352844238,0.07482787221670151,0.800000011920929,0.9263157844543457,0.9240000247955322,0.7634134292602539,0.11196145415306091,0.6200000047683716,0.9399999976158142
268,0.9156666398048401,0.9459052681922913,0.07064474374055862,1.0,0.8947368264198303,0.9380000233650208,0.7449620366096497,0.13295459747314453,0.5799999833106995,0.9568421244621277
269,0.8943333625793457,0.9233804941177368,0.09440749883651733,1.0,0.8526315689086914,0.9169999957084656,0.7721466422080994,0.1276441067457199,0.6399999856948853,0.9315789341926575
270,0.8886666893959045,0.8999999761581421,0.10011760145425797,0.8999999761581421,0.8999999761581421,0.9259999990463257,0.7522597908973694,0.13413402438163757,0.6000000238418579,0.9431579113006592
271,0.9003333449363708,0.8029550313949585,0.08365093916654587,0.699999988079071,0.9210526347160339,0.9330000281333923,0.7551925182342529,0.13076548278331757,0.6000000238418579,0.9505262970924377
272,0.9136666655540466,0.8732877969741821,0.08037573099136353,0.8999999761581421,0.8473684191703796,0.9139999747276306,0.7708368897438049,0.11424059420824051,0.6399999856948853,0.9284210801124573
273,0.8886666893959045,0.8485281467437744,0.08598843216896057,0.800000011920929,0.8999999761581421,0.9100000262260437,0.8352245092391968,0.09368101507425308,0.7599999904632568,0.917894721031189
274,0.9106666445732117,0.8098082542419434,0.07725417613983154,0.699999988079071,0.9368420839309692,0.9259999990463257,0.8428522944450378,0.09564600884914398,0.7599999904632568,0.9347368478775024
275,0.893666684627533,0.913063108921051,0.07740490883588791,0.8999999761581421,0.9263157844543457,0.9350000023841858,0.8254376649856567,0.1101529523730278,0.7200000286102295,0.9463157653808594
276,0.8976666927337646,0.8894113898277283,0.09907394647598267,0.8999999761581421,0.878947377204895,0.8790000081062317,0.8699425458908081,0.09903936088085175,0.8600000143051147,0.8799999952316284
277,0.8953333497047424,0.9156533479690552,0.08776157349348068,0.8999999761581421,0.9315789341926575,0.9380000233650208,0.7449620366096497,0.12752008438110352,0.5799999833106995,0.9568421244621277
278,0.9003333449363708,0.9597148895263672,0.09431612491607666,1.0,0.9210526347160339,0.9229999780654907,0.7863305807113647,0.12507927417755127,0.6600000262260437,0.9368420839309692
279,0.8980000019073486,0.8460434079170227,0.07791087031364441,0.800000011920929,0.8947368264198303,0.9359999895095825,0.7685256004333496,0.11966651678085327,0.6200000047683716,0.9526315927505493
280,0.9133333563804626,0.8777962923049927,0.0770830512046814,0.800000011920929,0.9631578922271729,0.953000009059906,0.7123275399208069,0.1876583695411682,0.5199999809265137,0.975789487361908
281,0.9016666412353516,0.8657214641571045,0.0947960615158081,0.800000011920929,0.9368420839309692,0.9330000281333923,0.7672507762908936,0.107712522149086,0.6200000047683716,0.9494736790657043
282,0.9086666703224182,0.7539370656013489,0.07802091538906097,0.6000000238418579,0.9473684430122375,0.9169999957084656,0.8061605095863342,0.10646847635507584,0.699999988079071,0.9284210801124573
283,0.9003333449363708,0.9052478671073914,0.07738422602415085,0.8999999761581421,0.9105263352394104,0.9049999713897705,0.8222690224647522,0.10461921989917755,0.7400000095367432,0.9136841893196106
284,0.9079999923706055,0.8583950400352478,0.082213394343853,0.800000011920929,0.9210526347160339,0.9240000247955322,0.7867722511291504,0.14830714464187622,0.6600000262260437,0.9378947615623474
285,0.8913333415985107,0.8510056138038635,0.08545186370611191,0.800000011920929,0.9052631855010986,0.8930000066757202,0.8575608134269714,0.08695044368505478,0.8199999928474426,0.8968421220779419
286,0.9106666445732117,0.8608441352844238,0.08082294464111328,0.800000011920929,0.9263157844543457,0.9200000166893005,0.8293434381484985,0.10519490391016006,0.7400000095367432,0.9294736981391907
287,0.9273333549499512,0.8657214641571045,0.06850524991750717,0.800000011920929,0.9368420839309692,0.9559999704360962,0.6721372008323669,0.2050137221813202,0.46000000834465027,0.9821052551269531
288,0.9163333177566528,0.7369924783706665,0.07457761466503143,0.6000000238418579,0.9052631855010986,0.9409999847412109,0.7825464606285095,0.11165346950292587,0.6399999856948853,0.9568421244621277
289,0.9010000228881836,0.8029550313949585,0.08276263624429703,0.699999988079071,0.9210526347160339,0.9279999732971191,0.776930570602417,0.11683112382888794,0.6399999856948853,0.9431579113006592
290,0.887666642665863,0.8786951899528503,0.08807025849819183,0.8999999761581421,0.8578947186470032,0.9350000023841858,0.7311994433403015,0.14338965713977814,0.5600000023841858,0.9547368288040161
291,0.9120000004768372,0.7914011478424072,0.08607855439186096,0.699999988079071,0.8947368264198303,0.9319999814033508,0.7172315716743469,0.13791634142398834,0.5400000214576721,0.9526315927505493
292,0.8913333415985107,0.8460434079170227,0.08440150320529938,0.800000011920929,0.8947368264198303,0.9229999780654907,0.7977072596549988,0.11103600263595581,0.6800000071525574,0.9357894659042358
293,0.8996666669845581,0.9624530076980591,0.07733383029699326,1.0,0.9263157844543457,0.9470000267028809,0.710018515586853,0.1456429809331894,0.5199999809265137,0.969473659992218
294,0.8953333497047424,0.7348469495773315,0.08466211706399918,0.6000000238418579,0.8999999761581421,0.9160000085830688,0.7832322120666504,0.10981601476669312,0.6600000262260437,0.9294736981391907
295,0.8859999775886536,0.8608441352844238,0.09094811975955963,0.800000011920929,0.9263157844543457,0.9129999876022339,0.7932080030441284,0.10679049789905548,0.6800000071525574,0.9252631664276123
296,0.9086666703224182,0.8029550313949585,0.08418729901313782,0.699999988079071,0.9210526347160339,0.9330000281333923,0.7176277041435242,0.1264190375804901,0.5400000214576721,0.9536842107772827
