Pattern Name,Imbalanced Ratio,Time Window,Abnormality Value,mixed_CS=T,mixed_CS=F,convn_CS=T,convn_CS=F,Detection Rates Metrics
uptrend,0.95,30,0.005,0.0,1.0,0.0,1.0,Undetected Samples Percentage
uptrend,0.95,30,0.005,0.0302479338842975,0.0,0.0957300275482093,0.0,Mean True Alert Streaks from Initial Detection
uptrend,0.95,30,0.005,0.5896143250688706,0.0,0.7490082644628099,0.0,True Alert Rate
uptrend,0.95,50,0.005,0.0,1.0,0.0,1.0,Undetected Samples Percentage
uptrend,0.95,50,0.005,0.2131129476584022,0.0,0.2281542699724517,0.0,Mean True Alert Streaks from Initial Detection
uptrend,0.95,50,0.005,0.8086501377410469,0.0,0.6546556473829201,0.0,True Alert Rate
uptrend,0.95,80,0.005,0.0,0.0466666666666666,0.0,0.01,Undetected Samples Percentage
uptrend,0.95,80,0.005,0.2415977961432507,0.017823691460055,0.1012396694214876,0.196969696969697,Mean True Alert Streaks from Initial Detection
uptrend,0.95,80,0.005,0.681900826446281,0.148099173553719,0.5540771349862259,0.3940771349862259,True Alert Rate
uptrend,0.95,30,0.08,0.0,0.0,0.0,0.0,Undetected Samples Percentage
uptrend,0.95,30,0.08,0.4949035812672177,0.7114325068870523,0.8063911845730029,0.796198347107438,Mean True Alert Streaks from Initial Detection
uptrend,0.95,30,0.08,0.9082093663911844,0.8686776859504132,0.8338292011019284,0.8122038567493113,True Alert Rate
uptrend,0.95,50,0.08,0.0,0.0,0.0,0.0,Undetected Samples Percentage
uptrend,0.95,50,0.08,0.5422314049586777,0.7073553719008265,0.7646280991735538,0.7527823691460055,Mean True Alert Streaks from Initial Detection
uptrend,0.95,50,0.08,0.8909366391184573,0.8496418732782369,0.7646280991735537,0.7577961432506887,True Alert Rate
uptrend,0.95,80,0.08,0.0,0.0,0.0,0.0,Undetected Samples Percentage
uptrend,0.95,80,0.08,0.7343526170798897,0.7452066115702479,0.5142975206611571,0.6033333333333334,Mean True Alert Streaks from Initial Detection
uptrend,0.95,80,0.08,0.882809917355372,0.8709641873278237,0.5409090909090909,0.7790909090909091,True Alert Rate
uptrend,0.95,30,0.155,0.0,0.0,0.0,0.0,Undetected Samples Percentage
uptrend,0.95,30,0.155,0.5546280991735538,0.827961432506887,0.8438016528925621,0.8540220385674931,Mean True Alert Streaks from Initial Detection
uptrend,0.95,30,0.155,0.9355371900826446,0.922038567493113,0.8551515151515151,0.8540220385674931,True Alert Rate
uptrend,0.95,50,0.155,0.0,0.0,0.0,0.0,Undetected Samples Percentage
uptrend,0.95,50,0.155,0.7185399449035812,0.837520661157025,0.7362258953168044,0.7166666666666667,Mean True Alert Streaks from Initial Detection
uptrend,0.95,50,0.155,0.9289807162534436,0.8903856749311295,0.7541322314049587,0.7166666666666667,True Alert Rate
uptrend,0.95,80,0.155,0.0,0.0,0.0,0.0,Undetected Samples Percentage
uptrend,0.95,80,0.155,0.808099173553719,0.883250688705234,0.388732782369146,0.8158953168044077,Mean True Alert Streaks from Initial Detection
uptrend,0.95,80,0.155,0.9030303030303032,0.898236914600551,0.7985123966942149,0.8466115702479339,True Alert Rate
uptrend,0.95,30,0.23,0.0,0.0,0.0,0.0,Undetected Samples Percentage
uptrend,0.95,30,0.23,0.7638842975206611,0.8757575757575758,0.8552617079889808,0.859779614325069,Mean True Alert Streaks from Initial Detection
uptrend,0.95,30,0.23,0.9521487603305784,0.9309641873278236,0.858099173553719,0.8597796143250689,True Alert Rate
uptrend,0.95,50,0.23,0.0,0.0,0.0,0.0,Undetected Samples Percentage
uptrend,0.95,50,0.23,0.8834159779614326,0.914490358126722,0.6772451790633608,0.694297520661157,Mean True Alert Streaks from Initial Detection
uptrend,0.95,50,0.23,0.9425895316804408,0.9267217630853994,0.72366391184573,0.7632782369146005,True Alert Rate
uptrend,0.95,80,0.23,0.0,0.0,0.0,0.0,Undetected Samples Percentage
uptrend,0.95,80,0.23,0.902534435261708,0.8955922865013773,0.841267217630854,0.4613774104683196,Mean True Alert Streaks from Initial Detection
uptrend,0.95,80,0.23,0.905564738292011,0.8955922865013775,0.8440495867768595,0.556060606060606,True Alert Rate
uptrend,0.95,30,0.305,0.0,0.0,0.0,0.0,Undetected Samples Percentage
uptrend,0.95,30,0.305,0.8266666666666667,0.910413223140496,0.874710743801653,0.888099173553719,Mean True Alert Streaks from Initial Detection
uptrend,0.95,30,0.305,0.9593388429752068,0.9351239669421488,0.8747107438016529,0.8940495867768595,True Alert Rate
uptrend,0.95,50,0.305,0.0,0.0,0.0,0.0,Undetected Samples Percentage
uptrend,0.95,50,0.305,0.9059228650137744,0.924214876033058,0.7634159779614326,0.8534435261707989,Mean True Alert Streaks from Initial Detection
uptrend,0.95,50,0.305,0.9434986225895317,0.9365840220385676,0.7659504132231405,0.8534435261707989,True Alert Rate
uptrend,0.95,80,0.305,0.0,0.0,0.0,0.0,Undetected Samples Percentage
uptrend,0.95,80,0.305,0.915922865013774,0.9217906336088156,0.6446556473829201,0.4377685950413223,Mean True Alert Streaks from Initial Detection
uptrend,0.95,80,0.305,0.915922865013774,0.9217906336088154,0.6716804407713498,0.5188154269972451,True Alert Rate
uptrend,0.95,30,0.38,0.0,0.0,0.0,0.0,Undetected Samples Percentage
uptrend,0.95,30,0.38,0.8831404958677687,0.9331955922865014,0.9243801652892562,0.9113223140495867,Mean True Alert Streaks from Initial Detection
uptrend,0.95,30,0.38,0.9662534435261708,0.952258953168044,0.9243801652892562,0.9143801652892564,True Alert Rate
uptrend,0.95,50,0.38,0.0,0.0,0.0,0.0,Undetected Samples Percentage
uptrend,0.95,50,0.38,0.9360606060606064,0.9333608815427,0.8199724517906336,0.6711570247933883,Mean True Alert Streaks from Initial Detection
uptrend,0.95,50,0.38,0.9486776859504132,0.9395592286501376,0.8477685950413223,0.7117906336088154,True Alert Rate
uptrend,0.95,80,0.38,0.0,0.0,0.0,0.0,Undetected Samples Percentage
uptrend,0.95,80,0.38,0.9030578512396694,0.919862258953168,0.1107713498622589,0.4471074380165289,Mean True Alert Streaks from Initial Detection
uptrend,0.95,80,0.38,0.9245454545454546,0.929146005509642,0.5228099173553719,0.5118732782369146,True Alert Rate
uptrend,0.95,30,0.455,0.0,0.0,0.0,0.0,Undetected Samples Percentage
uptrend,0.95,30,0.455,0.8765840220385674,0.9236363636363636,0.8658402203856749,0.8168044077134986,Mean True Alert Streaks from Initial Detection
uptrend,0.95,30,0.455,0.9655647382920112,0.9519834710743802,0.865840220385675,0.8507438016528925,True Alert Rate
uptrend,0.95,50,0.455,0.0,0.0,0.0,0.0,Undetected Samples Percentage
uptrend,0.95,50,0.455,0.910137741046832,0.935702479338843,0.5529201101928375,0.6866391184573003,Mean True Alert Streaks from Initial Detection
uptrend,0.95,50,0.455,0.938099173553719,0.941900826446281,0.7198347107438017,0.7599724517906337,True Alert Rate
uptrend,0.95,80,0.455,0.0,0.0,0.0,0.0,Undetected Samples Percentage
uptrend,0.95,80,0.455,0.930495867768595,0.9301928374655648,0.5511019283746557,0.789862258953168,Mean True Alert Streaks from Initial Detection
uptrend,0.95,80,0.455,0.930495867768595,0.9301928374655648,0.5530027548209366,0.7898622589531681,True Alert Rate
uptrend,0.95,30,0.53,0.0,0.0,0.0,0.0,Undetected Samples Percentage
uptrend,0.95,30,0.53,0.9327823691460057,0.9493112947658404,0.8773553719008266,0.8512396694214877,Mean True Alert Streaks from Initial Detection
uptrend,0.95,30,0.53,0.9647658402203856,0.9556473829201102,0.8773553719008265,0.8628374655647383,True Alert Rate
uptrend,0.95,50,0.53,0.0,0.0,0.0,0.0,Undetected Samples Percentage
uptrend,0.95,50,0.53,0.89099173553719,0.9387603305785126,0.7296694214876034,0.6964738292011019,Mean True Alert Streaks from Initial Detection
uptrend,0.95,50,0.53,0.9310468319559227,0.9387603305785124,0.7769146005509642,0.7336088154269973,True Alert Rate
uptrend,0.95,80,0.53,0.0,0.0,0.0,0.0,Undetected Samples Percentage
uptrend,0.95,80,0.53,0.9344628099173556,0.927603305785124,0.5667768595041323,0.4234435261707989,Mean True Alert Streaks from Initial Detection
uptrend,0.95,80,0.53,0.9375757575757576,0.927603305785124,0.6463085399449036,0.4975757575757575,True Alert Rate
uptrend,0.95,30,0.605,0.0,0.0,0.0,0.0,Undetected Samples Percentage
uptrend,0.95,30,0.605,0.9450413223140496,0.9355096418732785,0.9147382920110192,0.8280716253443525,Mean True Alert Streaks from Initial Detection
uptrend,0.95,30,0.605,0.9673553719008264,0.9609090909090908,0.9147382920110192,0.8476859504132231,True Alert Rate
uptrend,0.95,50,0.605,0.0,0.0,0.0,0.0,Undetected Samples Percentage
uptrend,0.95,50,0.605,0.9390909090909092,0.9452892561983472,0.4337190082644628,0.6166391184573004,Mean True Alert Streaks from Initial Detection
uptrend,0.95,50,0.605,0.9390909090909092,0.9452892561983472,0.748732782369146,0.7057575757575758,True Alert Rate
uptrend,0.95,80,0.605,0.0,0.0,0.0,0.0,Undetected Samples Percentage
uptrend,0.95,80,0.605,0.9313223140495868,0.9280991735537192,0.5933333333333334,0.3938016528925619,Mean True Alert Streaks from Initial Detection
uptrend,0.95,80,0.605,0.9438567493112948,0.928099173553719,0.624435261707989,0.4868044077134986,True Alert Rate
uptrend,0.95,30,0.68,0.0,0.0,0.0,0.0,Undetected Samples Percentage
uptrend,0.95,30,0.68,0.959421487603306,0.9597520661157026,0.8200275482093663,0.7759504132231405,Mean True Alert Streaks from Initial Detection
uptrend,0.95,30,0.68,0.9626170798898072,0.962947658402204,0.8311845730027548,0.8403581267217631,True Alert Rate
uptrend,0.95,50,0.68,0.0,0.0,0.0,0.0,Undetected Samples Percentage
uptrend,0.95,50,0.68,0.943223140495868,0.9523415977961432,0.639504132231405,0.7300826446280992,Mean True Alert Streaks from Initial Detection
uptrend,0.95,50,0.68,0.9432231404958678,0.9523415977961432,0.8097796143250688,0.7653719008264462,True Alert Rate
uptrend,0.95,80,0.68,0.0,0.0,0.0,0.0,Undetected Samples Percentage
uptrend,0.95,80,0.68,0.9449035812672176,0.9426997245179064,0.9179338842975208,0.530550964187328,Mean True Alert Streaks from Initial Detection
uptrend,0.95,80,0.68,0.9449035812672176,0.9426997245179064,0.927107438016529,0.6749035812672176,True Alert Rate
uptrend,0.95,30,0.755,0.0,0.0,0.0,0.0,Undetected Samples Percentage
uptrend,0.95,30,0.755,0.9624242424242424,0.966198347107438,0.8491460055096419,0.856969696969697,Mean True Alert Streaks from Initial Detection
uptrend,0.95,30,0.755,0.9656198347107438,0.966198347107438,0.8635537190082645,0.8686225895316805,True Alert Rate
uptrend,0.95,50,0.755,0.0,0.0,0.0,0.0,Undetected Samples Percentage
uptrend,0.95,50,0.755,0.945068870523416,0.9463085399449036,0.6537190082644628,0.6258953168044078,Mean True Alert Streaks from Initial Detection
uptrend,0.95,50,0.755,0.945068870523416,0.9463085399449036,0.7969972451790633,0.7037465564738292,True Alert Rate
uptrend,0.95,80,0.755,0.0,0.0,0.0,0.0,Undetected Samples Percentage
uptrend,0.95,80,0.755,0.9530578512396696,0.9386776859504132,0.3709090909090909,0.076831955922865,Mean True Alert Streaks from Initial Detection
uptrend,0.95,80,0.755,0.9530578512396696,0.9386776859504132,0.4355922865013774,0.4865289256198347,True Alert Rate
uptrend,0.95,30,0.83,0.0,0.0,0.0,0.0,Undetected Samples Percentage
uptrend,0.95,30,0.83,0.9634435261707992,0.964077134986226,0.8902203856749312,0.778953168044077,Mean True Alert Streaks from Initial Detection
uptrend,0.95,30,0.83,0.9634435261707988,0.964077134986226,0.8902203856749311,0.8374380165289256,True Alert Rate
uptrend,0.95,50,0.83,0.0,0.0,0.0,0.0,Undetected Samples Percentage
uptrend,0.95,50,0.83,0.94564738292011,0.9430853994490358,0.8256749311294765,0.6387052341597798,Mean True Alert Streaks from Initial Detection
uptrend,0.95,50,0.83,0.9456473829201102,0.9430853994490358,0.8449035812672177,0.7343250688705234,True Alert Rate
uptrend,0.95,80,0.83,0.0,0.0,0.0,0.0,Undetected Samples Percentage
uptrend,0.95,80,0.83,0.9555096418732784,0.9533608815426998,0.0848209366391184,0.1275206611570248,Mean True Alert Streaks from Initial Detection
uptrend,0.95,80,0.83,0.9555096418732782,0.9533608815426996,0.7652617079889807,0.4978787878787878,True Alert Rate
uptrend,0.95,30,0.905,0.0,0.0,0.0,0.0,Undetected Samples Percentage
uptrend,0.95,30,0.905,0.9599449035812672,0.9606060606060608,0.9577685950413224,0.8301652892561984,Mean True Alert Streaks from Initial Detection
uptrend,0.95,30,0.905,0.9599449035812672,0.9606060606060606,0.9577685950413224,0.8585674931129477,True Alert Rate
uptrend,0.95,50,0.905,0.0,0.0,0.0,0.0,Undetected Samples Percentage
uptrend,0.95,50,0.905,0.9533884297520662,0.9390633608815429,0.6302203856749312,0.7665289256198348,Mean True Alert Streaks from Initial Detection
uptrend,0.95,50,0.905,0.9533884297520662,0.9390633608815429,0.6636363636363637,0.7769146005509642,True Alert Rate
uptrend,0.95,80,0.905,0.0,0.0,0.0,0.0,Undetected Samples Percentage
uptrend,0.95,80,0.905,0.9510743801652892,0.9369696969696972,0.693030303030303,0.1442424242424242,Mean True Alert Streaks from Initial Detection
uptrend,0.95,80,0.905,0.9510743801652892,0.936969696969697,0.7074104683195592,0.4709090909090909,True Alert Rate
uptrend,0.95,30,0.98,0.0,0.0,0.0,0.0,Undetected Samples Percentage
uptrend,0.95,30,0.98,0.9638292011019284,0.9627548209366392,0.8539118457300277,0.7641873278236915,Mean True Alert Streaks from Initial Detection
uptrend,0.95,30,0.98,0.9638292011019284,0.9627548209366392,0.8712396694214876,0.8369146005509642,True Alert Rate
uptrend,0.95,50,0.98,0.0,0.0,0.0,0.0,Undetected Samples Percentage
uptrend,0.95,50,0.98,0.9486776859504134,0.9485123966942148,0.6594214876033058,0.5976584022038568,Mean True Alert Streaks from Initial Detection
uptrend,0.95,50,0.98,0.9486776859504132,0.9485123966942148,0.8638292011019284,0.6795592286501377,True Alert Rate
uptrend,0.95,80,0.98,0.0,0.0,0.0,0.0,Undetected Samples Percentage
uptrend,0.95,80,0.98,0.9465013774104684,0.940853994490358,0.5650964187327824,0.459862258953168,Mean True Alert Streaks from Initial Detection
uptrend,0.95,80,0.98,0.9465013774104684,0.940853994490358,0.5786776859504132,0.5112947658402204,True Alert Rate
uptrend,0.95,30,1.055,0.0,0.0,0.0,0.0,Undetected Samples Percentage
uptrend,0.95,30,1.055,0.967052341597796,0.9665840220385674,0.7980165289256198,0.7830303030303031,Mean True Alert Streaks from Initial Detection
uptrend,0.95,30,1.055,0.9670523415977962,0.9665840220385676,0.8553443526170799,0.8392011019283746,True Alert Rate
uptrend,0.95,50,1.055,0.0,0.0,0.0,0.0,Undetected Samples Percentage
uptrend,0.95,50,1.055,0.9451239669421488,0.9570798898071629,0.6420661157024793,0.6324793388429751,Mean True Alert Streaks from Initial Detection
uptrend,0.95,50,1.055,0.9451239669421488,0.9570798898071624,0.6881818181818182,0.7802754820936639,True Alert Rate
uptrend,0.95,80,1.055,0.0,0.0,0.0,0.0,Undetected Samples Percentage
uptrend,0.95,80,1.055,0.9288154269972456,0.935068870523416,0.8850413223140496,0.3516528925619835,Mean True Alert Streaks from Initial Detection
uptrend,0.95,80,1.055,0.9288154269972452,0.935068870523416,0.8850413223140496,0.4450964187327824,True Alert Rate
uptrend,0.95,30,1.13,0.0,0.0,0.0,0.0,Undetected Samples Percentage
uptrend,0.95,30,1.13,0.9638842975206612,0.963939393939394,0.799366391184573,0.778870523415978,Mean True Alert Streaks from Initial Detection
uptrend,0.95,30,1.13,0.9638842975206612,0.963939393939394,0.8532231404958678,0.8404683195592286,True Alert Rate
uptrend,0.95,50,1.13,0.0,0.0,0.0,0.0,Undetected Samples Percentage
uptrend,0.95,50,1.13,0.931404958677686,0.9601652892561984,0.6891184573002755,0.6165840220385675,Mean True Alert Streaks from Initial Detection
uptrend,0.95,50,1.13,0.943939393939394,0.9601652892561984,0.7386225895316805,0.7036639118457301,True Alert Rate
uptrend,0.95,80,1.13,0.0,0.0,0.0,0.0,Undetected Samples Percentage
uptrend,0.95,80,1.13,0.9511019283746556,0.9501928374655646,0.8756198347107441,0.5175482093663911,Mean True Alert Streaks from Initial Detection
uptrend,0.95,80,1.13,0.9511019283746556,0.9501928374655648,0.8756198347107438,0.5336914600550964,True Alert Rate
uptrend,0.95,30,1.205,0.0,0.0,0.0,0.0,Undetected Samples Percentage
uptrend,0.95,30,1.205,0.9622038567493112,0.9633884297520662,0.8956473829201103,0.8439669421487603,Mean True Alert Streaks from Initial Detection
uptrend,0.95,30,1.205,0.9622038567493112,0.963388429752066,0.8956473829201101,0.8582644628099173,True Alert Rate
uptrend,0.95,50,1.205,0.0,0.0,0.0,0.0,Undetected Samples Percentage
uptrend,0.95,50,1.205,0.9603030303030304,0.9580991735537192,0.3192011019283746,0.6642424242424243,Mean True Alert Streaks from Initial Detection
uptrend,0.95,50,1.205,0.9603030303030304,0.958099173553719,0.8078236914600551,0.7143801652892562,True Alert Rate
uptrend,0.95,80,1.205,0.0,0.0,0.0,0.0,Undetected Samples Percentage
uptrend,0.95,80,1.205,0.9570247933884296,0.9430027548209364,0.1110192837465564,0.3565013774104683,Mean True Alert Streaks from Initial Detection
uptrend,0.95,80,1.205,0.9570247933884296,0.9430027548209368,0.7791735537190083,0.5288980716253443,True Alert Rate
uptrend,0.95,30,1.28,0.0,0.0,0.0,0.0,Undetected Samples Percentage
uptrend,0.95,30,1.28,0.9650688705234162,0.967906336088154,0.8568870523415978,0.8560330578512397,Mean True Alert Streaks from Initial Detection
uptrend,0.95,30,1.28,0.965068870523416,0.9679063360881542,0.8684848484848485,0.8560330578512396,True Alert Rate
uptrend,0.95,50,1.28,0.0,0.0,0.0,0.0,Undetected Samples Percentage
uptrend,0.95,50,1.28,0.9538016528925622,0.962093663911846,0.6333608815426996,0.6172176308539945,Mean True Alert Streaks from Initial Detection
uptrend,0.95,50,1.28,0.953801652892562,0.9620936639118456,0.6787603305785124,0.6856473829201102,True Alert Rate
uptrend,0.95,80,1.28,0.0,0.0,0.0,0.0,Undetected Samples Percentage
uptrend,0.95,80,1.28,0.9650137741046833,0.9642699724517908,0.3017906336088154,0.3489531680440771,Mean True Alert Streaks from Initial Detection
uptrend,0.95,80,1.28,0.9650137741046833,0.9642699724517906,0.401763085399449,0.4310192837465564,True Alert Rate
uptrend,0.95,30,1.355,0.0,0.0,0.0,0.0,Undetected Samples Percentage
uptrend,0.95,30,1.355,0.959449035812672,0.9617079889807164,0.863719008264463,0.7721487603305786,Mean True Alert Streaks from Initial Detection
uptrend,0.95,30,1.355,0.9626446280991736,0.9617079889807164,0.869504132231405,0.8360055096418733,True Alert Rate
uptrend,0.95,50,1.355,0.0,0.0,0.0,0.0,Undetected Samples Percentage
uptrend,0.95,50,1.355,0.9599724517906336,0.956198347107438,0.6790633608815426,0.7287327823691461,Mean True Alert Streaks from Initial Detection
uptrend,0.95,50,1.355,0.9599724517906336,0.956198347107438,0.6884573002754821,0.7410468319559229,True Alert Rate
uptrend,0.95,80,1.355,0.0,0.0,0.0,0.0,Undetected Samples Percentage
uptrend,0.95,80,1.355,0.957465564738292,0.9472176308539944,0.2599173553719008,0.6269972451790633,Mean True Alert Streaks from Initial Detection
uptrend,0.95,80,1.355,0.9703581267217632,0.9472176308539944,0.5165289256198347,0.6269972451790634,True Alert Rate
uptrend,0.95,30,1.43,0.0,0.0,0.0,0.0,Undetected Samples Percentage
uptrend,0.95,30,1.43,0.9635537190082644,0.9632782369146008,0.8258953168044078,0.7689807162534436,Mean True Alert Streaks from Initial Detection
uptrend,0.95,30,1.43,0.9635537190082644,0.9632782369146006,0.845702479338843,0.8236363636363636,True Alert Rate
uptrend,0.95,50,1.43,0.0,0.0,0.0,0.0,Undetected Samples Percentage
uptrend,0.95,50,1.43,0.9616528925619836,0.9605234159779616,0.7463911845730028,0.6912396694214876,Mean True Alert Streaks from Initial Detection
uptrend,0.95,50,1.43,0.9616528925619836,0.9605234159779614,0.7719834710743801,0.7100826446280992,True Alert Rate
uptrend,0.95,80,1.43,0.0,0.0,0.0,0.0,Undetected Samples Percentage
uptrend,0.95,80,1.43,0.9596143250688706,0.9465564738292012,0.6099173553719008,0.477107438016529,Mean True Alert Streaks from Initial Detection
uptrend,0.95,80,1.43,0.9596143250688706,0.946556473829201,0.6413774104683195,0.4939118457300275,True Alert Rate
uptrend,0.95,30,1.505,0.0,0.0,0.0,0.0,Undetected Samples Percentage
uptrend,0.95,30,1.505,0.967107438016529,0.9682644628099172,0.8163085399449036,0.805702479338843,Mean True Alert Streaks from Initial Detection
uptrend,0.95,30,1.505,0.9671074380165288,0.9682644628099174,0.8474104683195592,0.8477134986225895,True Alert Rate
uptrend,0.95,50,1.505,0.0,0.0,0.0,0.0,Undetected Samples Percentage
uptrend,0.95,50,1.505,0.9599449035812672,0.9726170798898072,0.8138567493112947,0.6763636363636364,Mean True Alert Streaks from Initial Detection
uptrend,0.95,50,1.505,0.9599449035812672,0.9726170798898072,0.8890082644628099,0.6901652892561984,True Alert Rate
uptrend,0.95,80,1.505,0.0,0.0,0.0,0.0,Undetected Samples Percentage
uptrend,0.95,80,1.505,0.9617906336088156,0.9411294765840222,0.0709366391184573,0.4311845730027547,Mean True Alert Streaks from Initial Detection
uptrend,0.95,80,1.505,0.9617906336088154,0.941129476584022,0.730358126721763,0.4540495867768595,True Alert Rate
uptrend,0.95,30,1.58,0.0,0.0,0.0,0.0,Undetected Samples Percentage
uptrend,0.95,30,1.58,0.965977961432507,0.9720110192837464,0.9007162534435262,0.7412672176308539,Mean True Alert Streaks from Initial Detection
uptrend,0.95,30,1.58,0.9659779614325068,0.9720110192837466,0.9007162534435261,0.8357300275482094,True Alert Rate
uptrend,0.95,50,1.58,0.0,0.0,0.0,0.0,Undetected Samples Percentage
uptrend,0.95,50,1.58,0.9660330578512396,0.9647382920110192,0.6050964187327823,0.660137741046832,Mean True Alert Streaks from Initial Detection
uptrend,0.95,50,1.58,0.9660330578512396,0.9647382920110192,0.8260055096418732,0.7018732782369146,True Alert Rate
uptrend,0.95,80,1.58,0.0,0.0,0.0,0.0,Undetected Samples Percentage
uptrend,0.95,80,1.58,0.9461983471074382,0.9572451790633612,0.4405785123966942,0.4558126721763085,Mean True Alert Streaks from Initial Detection
uptrend,0.95,80,1.58,0.946198347107438,0.9572451790633608,0.6091460055096418,0.4684848484848485,True Alert Rate
uptrend,0.95,30,1.655,0.0,0.0,0.0,0.0,Undetected Samples Percentage
uptrend,0.95,30,1.655,0.9695041322314047,0.9685123966942148,0.8084848484848485,0.8512947658402203,Mean True Alert Streaks from Initial Detection
uptrend,0.95,30,1.655,0.969504132231405,0.9685123966942148,0.8391460055096419,0.8742148760330578,True Alert Rate
uptrend,0.95,50,1.655,0.0,0.0,0.0,0.0,Undetected Samples Percentage
uptrend,0.95,50,1.655,0.9645730027548208,0.9657575757575758,0.6925619834710744,0.7820385674931131,Mean True Alert Streaks from Initial Detection
uptrend,0.95,50,1.655,0.9645730027548208,0.9657575757575756,0.7393112947658402,0.782038567493113,True Alert Rate
uptrend,0.95,80,1.655,0.0,0.0,0.0,0.0,Undetected Samples Percentage
uptrend,0.95,80,1.655,0.9619008264462808,0.966473829201102,0.7224242424242425,0.3274104683195592,Mean True Alert Streaks from Initial Detection
uptrend,0.95,80,1.655,0.9619008264462808,0.966473829201102,0.74,0.5059779614325068,True Alert Rate
uptrend,0.95,30,1.73,0.0,0.0,0.0,0.0,Undetected Samples Percentage
uptrend,0.95,30,1.73,0.9716804407713496,0.9697796143250688,0.8369972451790634,0.7953443526170799,Mean True Alert Streaks from Initial Detection
uptrend,0.95,30,1.73,0.97168044077135,0.9697796143250688,0.8483195592286501,0.8425619834710744,True Alert Rate
uptrend,0.95,50,1.73,0.0,0.0,0.0,0.0,Undetected Samples Percentage
uptrend,0.95,50,1.73,0.95603305785124,0.9639944903581268,0.7820110192837465,0.6586501377410469,Mean True Alert Streaks from Initial Detection
uptrend,0.95,50,1.73,0.9560330578512396,0.9639944903581268,0.8144903581267218,0.7105234159779614,True Alert Rate
uptrend,0.95,80,1.73,0.0,0.0,0.0,0.0,Undetected Samples Percentage
uptrend,0.95,80,1.73,0.9644903581267216,0.9589256198347108,0.0483195592286501,0.1769421487603305,Mean True Alert Streaks from Initial Detection
uptrend,0.95,80,1.73,0.9644903581267218,0.9589256198347108,0.653801652892562,0.5650688705234159,True Alert Rate
uptrend,0.95,30,1.805,0.0,0.0,0.0,0.0,Undetected Samples Percentage
uptrend,0.95,30,1.805,0.9698898071625344,0.9760055096418732,0.9044077134986228,0.852534435261708,Mean True Alert Streaks from Initial Detection
uptrend,0.95,30,1.805,0.9698898071625344,0.9760055096418732,0.9044077134986226,0.8611845730027549,True Alert Rate
uptrend,0.95,50,1.805,0.0,0.0,0.0,0.0,Undetected Samples Percentage
uptrend,0.95,50,1.805,0.961625344352617,0.9558126721763088,0.6115426997245178,0.6333057851239668,Mean True Alert Streaks from Initial Detection
uptrend,0.95,50,1.805,0.961625344352617,0.9558126721763084,0.7850964187327824,0.6929201101928375,True Alert Rate
uptrend,0.95,80,1.805,0.0,0.0,0.0,0.0,Undetected Samples Percentage
uptrend,0.95,80,1.805,0.9437465564738292,0.9629201101928376,0.127961432506887,0.4400826446280992,Mean True Alert Streaks from Initial Detection
uptrend,0.95,80,1.805,0.9437465564738292,0.9629201101928376,0.7893388429752066,0.4735812672176308,True Alert Rate
uptrend,0.9,30,0.005,0.0,1.0,0.0,1.0,Undetected Samples Percentage
uptrend,0.9,30,0.005,0.0604407713498622,0.0,0.0918181818181818,0.0,Mean True Alert Streaks from Initial Detection
uptrend,0.9,30,0.005,0.6093112947658402,0.0,0.7407713498622589,0.0,True Alert Rate
uptrend,0.9,50,0.005,0.0,1.0,0.0,0.07,Undetected Samples Percentage
uptrend,0.9,50,0.005,0.1811019283746556,0.0,0.2007438016528925,0.0703305785123967,Mean True Alert Streaks from Initial Detection
uptrend,0.9,50,0.005,0.7670523415977961,0.0,0.7251515151515151,0.1458677685950413,True Alert Rate
uptrend,0.9,80,0.005,0.0,0.0066666666666666,0.0,0.0033333333333333,Undetected Samples Percentage
uptrend,0.9,80,0.005,0.1173002754820936,0.1058953168044077,0.1273829201101928,0.1582369146005509,Mean True Alert Streaks from Initial Detection
uptrend,0.9,80,0.005,0.6634710743801653,0.3024517906336088,0.5746556473829201,0.4164738292011019,True Alert Rate
uptrend,0.9,30,0.08,0.0,0.0,0.0,0.0,Undetected Samples Percentage
uptrend,0.9,30,0.08,0.5577685950413224,0.7277134986225896,0.786060606060606,0.7424793388429752,Mean True Alert Streaks from Initial Detection
uptrend,0.9,30,0.08,0.923305785123967,0.8840771349862259,0.8388429752066116,0.8298347107438017,True Alert Rate
uptrend,0.9,50,0.08,0.0,0.0,0.0,0.0,Undetected Samples Percentage
uptrend,0.9,50,0.08,0.5408539944903581,0.7092011019283747,0.6691184573002755,0.7811570247933884,Mean True Alert Streaks from Initial Detection
uptrend,0.9,50,0.08,0.8939393939393939,0.8757575757575757,0.7990909090909091,0.7811570247933884,True Alert Rate
uptrend,0.9,80,0.08,0.0,0.0,0.0,0.0,Undetected Samples Percentage
uptrend,0.9,80,0.08,0.5998071625344352,0.6329201101928374,0.5498347107438016,0.2641322314049587,Mean True Alert Streaks from Initial Detection
uptrend,0.9,80,0.08,0.9019559228650138,0.8708539944903582,0.8053719008264463,0.6726170798898071,True Alert Rate
uptrend,0.9,30,0.155,0.0,0.0,0.0,0.0,Undetected Samples Percentage
uptrend,0.9,30,0.155,0.5962534435261708,0.8417355371900826,0.8450137741046833,0.8513498622589531,Mean True Alert Streaks from Initial Detection
uptrend,0.9,30,0.155,0.9426997245179064,0.9202203856749313,0.8505234159779614,0.8600826446280991,True Alert Rate
uptrend,0.9,50,0.155,0.0,0.0,0.0,0.0,Undetected Samples Percentage
uptrend,0.9,50,0.155,0.7657300275482094,0.7773553719008265,0.7446005509641873,0.7893663911845731,Mean True Alert Streaks from Initial Detection
uptrend,0.9,50,0.155,0.9382644628099174,0.9160881542699724,0.7446005509641873,0.7919834710743802,True Alert Rate
uptrend,0.9,80,0.155,0.0,0.0,0.0,0.0,Undetected Samples Percentage
uptrend,0.9,80,0.155,0.8092837465564738,0.8165289256198347,0.6958402203856748,0.7573553719008265,Mean True Alert Streaks from Initial Detection
uptrend,0.9,80,0.155,0.902121212121212,0.9001928374655648,0.7746280991735537,0.84633608815427,True Alert Rate
uptrend,0.9,30,0.23,0.0,0.0,0.0,0.0,Undetected Samples Percentage
uptrend,0.9,30,0.23,0.7966666666666667,0.8888429752066116,0.85900826446281,0.873388429752066,Mean True Alert Streaks from Initial Detection
uptrend,0.9,30,0.23,0.9495316804407712,0.9289256198347108,0.8943801652892562,0.876198347107438,True Alert Rate
uptrend,0.9,50,0.23,0.0,0.0,0.0,0.0,Undetected Samples Percentage
uptrend,0.9,50,0.23,0.8769146005509642,0.8814876033057851,0.7960881542699726,0.5928099173553719,Mean True Alert Streaks from Initial Detection
uptrend,0.9,50,0.23,0.9421763085399448,0.9272451790633608,0.7960881542699725,0.7748209366391184,True Alert Rate
uptrend,0.9,80,0.23,0.0,0.0,0.0,0.0,Undetected Samples Percentage
uptrend,0.9,80,0.23,0.8527823691460055,0.8961432506887053,0.810771349862259,0.8250137741046831,Mean True Alert Streaks from Initial Detection
uptrend,0.9,80,0.23,0.9132506887052342,0.8961432506887053,0.8189531680440771,0.8305509641873279,True Alert Rate
uptrend,0.9,30,0.305,0.0,0.0,0.0,0.0,Undetected Samples Percentage
uptrend,0.9,30,0.305,0.8514600550964188,0.9046831955922864,0.8620936639118459,0.8809917355371901,Mean True Alert Streaks from Initial Detection
uptrend,0.9,30,0.305,0.9558677685950412,0.9451790633608816,0.8678787878787879,0.8809917355371901,True Alert Rate
uptrend,0.9,50,0.305,0.0,0.0,0.0,0.0,Undetected Samples Percentage
uptrend,0.9,50,0.305,0.908374655647383,0.9127548209366392,0.6601101928374656,0.8530303030303031,Mean True Alert Streaks from Initial Detection
uptrend,0.9,50,0.305,0.9427548209366392,0.9409366391184572,0.8246005509641873,0.853030303030303,True Alert Rate
uptrend,0.9,80,0.305,0.0,0.0,0.0,0.0,Undetected Samples Percentage
uptrend,0.9,80,0.305,0.9195041322314048,0.8974655647382921,0.7622038567493113,0.8263085399449036,Mean True Alert Streaks from Initial Detection
uptrend,0.9,80,0.305,0.9195041322314048,0.9188154269972452,0.9014325068870525,0.8752617079889807,True Alert Rate
uptrend,0.9,30,0.38,0.0,0.0,0.0,0.0,Undetected Samples Percentage
uptrend,0.9,30,0.38,0.8680440771349864,0.8887327823691461,0.8914325068870524,0.9008539944903582,Mean True Alert Streaks from Initial Detection
uptrend,0.9,30,0.38,0.9665289256198348,0.9550964187327824,0.8914325068870523,0.900853994490358,True Alert Rate
uptrend,0.9,50,0.38,0.0,0.0,0.0,0.0,Undetected Samples Percentage
uptrend,0.9,50,0.38,0.9185399449035812,0.9347382920110192,0.7402479338842975,0.7023415977961432,Mean True Alert Streaks from Initial Detection
uptrend,0.9,50,0.38,0.9404683195592286,0.9409641873278236,0.7577961432506887,0.7394214876033058,True Alert Rate
uptrend,0.9,80,0.38,0.0,0.0,0.0,0.0,Undetected Samples Percentage
uptrend,0.9,80,0.38,0.9165840220385676,0.9085123966942148,0.8838016528925619,0.7238016528925619,Mean True Alert Streaks from Initial Detection
uptrend,0.9,80,0.38,0.9196418732782368,0.9085123966942148,0.9077134986225897,0.7996969696969697,True Alert Rate
uptrend,0.9,30,0.455,0.0,0.0,0.0,0.0,Undetected Samples Percentage
uptrend,0.9,30,0.455,0.9087603305785124,0.8986776859504133,0.8774655647382921,0.8717355371900828,Mean True Alert Streaks from Initial Detection
uptrend,0.9,30,0.455,0.9662809917355372,0.958870523415978,0.877465564738292,0.8717355371900827,True Alert Rate
uptrend,0.9,50,0.455,0.0,0.0,0.0,0.0,Undetected Samples Percentage
uptrend,0.9,50,0.455,0.941129476584022,0.9396418732782368,0.8134986225895317,0.6461983471074381,Mean True Alert Streaks from Initial Detection
uptrend,0.9,50,0.455,0.941129476584022,0.9396418732782368,0.8496418732782369,0.6975482093663912,True Alert Rate
uptrend,0.9,80,0.455,0.0,0.0,0.0,0.0,Undetected Samples Percentage
uptrend,0.9,80,0.455,0.9106611570247936,0.9184022038567496,0.4530853994490358,0.3016804407713498,Mean True Alert Streaks from Initial Detection
uptrend,0.9,80,0.455,0.9106611570247932,0.930771349862259,0.4606887052341598,0.4306611570247934,True Alert Rate
uptrend,0.9,30,0.53,0.0,0.0,0.0,0.0,Undetected Samples Percentage
uptrend,0.9,30,0.53,0.9417355371900828,0.951542699724518,0.8406336088154269,0.8898622589531681,Mean True Alert Streaks from Initial Detection
uptrend,0.9,30,0.53,0.9641873278236914,0.9610192837465564,0.840633608815427,0.8898622589531681,True Alert Rate
uptrend,0.9,50,0.53,0.0,0.0,0.0,0.0,Undetected Samples Percentage
uptrend,0.9,50,0.53,0.9399449035812673,0.9373278236914602,0.4995592286501377,0.7007713498622589,Mean True Alert Streaks from Initial Detection
uptrend,0.9,50,0.53,0.9399449035812673,0.93732782369146,0.8003581267217631,0.7249035812672177,True Alert Rate
uptrend,0.9,80,0.53,0.0,0.0,0.0,0.0,Undetected Samples Percentage
uptrend,0.9,80,0.53,0.8938292011019283,0.928374655647383,0.8340495867768594,0.1668870523415977,Mean True Alert Streaks from Initial Detection
uptrend,0.9,80,0.53,0.9339669421487604,0.9346005509641874,0.8340495867768595,0.6166391184573002,True Alert Rate
uptrend,0.9,30,0.605,0.0,0.0,0.0,0.0,Undetected Samples Percentage
uptrend,0.9,30,0.605,0.9595316804407712,0.9590909090909092,0.9242699724517908,0.8519834710743801,Mean True Alert Streaks from Initial Detection
uptrend,0.9,30,0.605,0.9627272727272728,0.9622865013774105,0.9242699724517908,0.8548484848484849,True Alert Rate
uptrend,0.9,50,0.605,0.0,0.0,0.0,0.0,Undetected Samples Percentage
uptrend,0.9,50,0.605,0.9384022038567494,0.9425068870523418,0.6895592286501376,0.7053168044077135,Mean True Alert Streaks from Initial Detection
uptrend,0.9,50,0.605,0.9446831955922864,0.9425068870523416,0.7418732782369146,0.7322589531680441,True Alert Rate
uptrend,0.9,80,0.605,0.0,0.0,0.0,0.0,Undetected Samples Percentage
uptrend,0.9,80,0.605,0.9304958677685952,0.9315151515151516,0.8695592286501378,0.5227823691460054,Mean True Alert Streaks from Initial Detection
uptrend,0.9,80,0.605,0.930495867768595,0.9346280991735536,0.8695592286501378,0.556060606060606,True Alert Rate
uptrend,0.9,30,0.68,0.0,0.0,0.0,0.0,Undetected Samples Percentage
uptrend,0.9,30,0.68,0.961625344352617,0.9606887052341598,0.8656198347107439,0.7982920110192837,Mean True Alert Streaks from Initial Detection
uptrend,0.9,30,0.68,0.9680165289256198,0.9670798898071624,0.8714325068870523,0.834435261707989,True Alert Rate
uptrend,0.9,50,0.68,0.0,0.0,0.0,0.0,Undetected Samples Percentage
uptrend,0.9,50,0.68,0.9471900826446282,0.9463085399449036,0.7462258953168044,0.6085950413223141,Mean True Alert Streaks from Initial Detection
uptrend,0.9,50,0.68,0.947190082644628,0.9463085399449036,0.8057851239669421,0.6763085399449036,True Alert Rate
uptrend,0.9,80,0.68,0.0,0.0,0.0,0.0,Undetected Samples Percentage
uptrend,0.9,80,0.68,0.9322038567493112,0.9319283746556476,0.6255371900826446,0.4506060606060606,Mean True Alert Streaks from Initial Detection
uptrend,0.9,80,0.68,0.941542699724518,0.9444077134986226,0.689862258953168,0.4860055096418733,True Alert Rate
uptrend,0.9,30,0.755,0.0,0.0,0.0,0.0,Undetected Samples Percentage
uptrend,0.9,30,0.755,0.9580440771349864,0.961129476584022,0.794297520661157,0.8356749311294766,Mean True Alert Streaks from Initial Detection
uptrend,0.9,30,0.755,0.967741046831956,0.9643250688705234,0.8304132231404958,0.8470247933884297,True Alert Rate
uptrend,0.9,50,0.755,0.0,0.0,0.0,0.0,Undetected Samples Percentage
uptrend,0.9,50,0.755,0.9472176308539946,0.947603305785124,0.7096418732782369,0.706060606060606,Mean True Alert Streaks from Initial Detection
uptrend,0.9,50,0.755,0.9535812672176308,0.947603305785124,0.7217355371900827,0.7303856749311295,True Alert Rate
uptrend,0.9,80,0.755,0.0,0.0,0.0,0.0,Undetected Samples Percentage
uptrend,0.9,80,0.755,0.90633608815427,0.9365013774104686,0.2952066115702479,0.1888154269972451,Mean True Alert Streaks from Initial Detection
uptrend,0.9,80,0.755,0.9469972451790634,0.9396143250688704,0.7622038567493113,0.6501652892561983,True Alert Rate
uptrend,0.9,30,0.83,0.0,0.0,0.0,0.0,Undetected Samples Percentage
uptrend,0.9,30,0.83,0.9672176308539944,0.9664462809917356,0.8278512396694215,0.852534435261708,Mean True Alert Streaks from Initial Detection
uptrend,0.9,30,0.83,0.9672176308539944,0.9664462809917356,0.8334159779614325,0.852534435261708,True Alert Rate
uptrend,0.9,50,0.83,0.0,0.0,0.0,0.0,Undetected Samples Percentage
uptrend,0.9,50,0.83,0.9518732782369146,0.9503030303030304,0.5132506887052342,0.7359228650137741,Mean True Alert Streaks from Initial Detection
uptrend,0.9,50,0.83,0.9518732782369146,0.9566666666666668,0.7634710743801653,0.7508815426997245,True Alert Rate
uptrend,0.9,80,0.83,0.0,0.0,0.0,0.0,Undetected Samples Percentage
uptrend,0.9,80,0.83,0.9313774104683196,0.9365564738292012,0.2595316804407713,0.8659228650137742,Mean True Alert Streaks from Initial Detection
uptrend,0.9,80,0.83,0.9313774104683196,0.9365564738292012,0.6873002754820937,0.8659228650137741,True Alert Rate
uptrend,0.9,30,0.905,0.0,0.0,0.0,0.0,Undetected Samples Percentage
uptrend,0.9,30,0.905,0.965619834710744,0.9621487603305786,0.8983195592286503,0.8883195592286502,Mean True Alert Streaks from Initial Detection
uptrend,0.9,30,0.905,0.9656198347107438,0.9653443526170798,0.8983195592286501,0.8883195592286501,True Alert Rate
uptrend,0.9,50,0.905,0.0,0.0,0.0,0.0,Undetected Samples Percentage
uptrend,0.9,50,0.905,0.9497796143250689,0.95633608815427,0.6441322314049586,0.8228925619834709,Mean True Alert Streaks from Initial Detection
uptrend,0.9,50,0.905,0.9497796143250689,0.95633608815427,0.6877961432506887,0.822892561983471,True Alert Rate
uptrend,0.9,80,0.905,0.0,0.0,0.0,0.0,Undetected Samples Percentage
uptrend,0.9,80,0.905,0.9320110192837469,0.9359228650137744,0.5198898071625344,0.8441046831955923,Mean True Alert Streaks from Initial Detection
uptrend,0.9,80,0.905,0.9320110192837464,0.935922865013774,0.5215977961432506,0.8441046831955923,True Alert Rate
uptrend,0.9,30,0.98,0.0,0.0,0.0,0.0,Undetected Samples Percentage
uptrend,0.9,30,0.98,0.9620110192837468,0.9620110192837464,0.860495867768595,0.7775206611570248,Mean True Alert Streaks from Initial Detection
uptrend,0.9,30,0.98,0.9652341597796144,0.9652341597796144,0.860495867768595,0.8270247933884297,True Alert Rate
uptrend,0.9,50,0.98,0.0,0.0,0.0,0.0,Undetected Samples Percentage
uptrend,0.9,50,0.98,0.9522038567493112,0.951542699724518,0.7159228650137742,0.781046831955923,Mean True Alert Streaks from Initial Detection
uptrend,0.9,50,0.98,0.9522038567493112,0.951542699724518,0.7281542699724518,0.7861432506887053,True Alert Rate
uptrend,0.9,80,0.98,0.0,0.0,0.0,0.0,Undetected Samples Percentage
uptrend,0.9,80,0.98,0.9434159779614326,0.9334710743801652,0.7720936639118458,0.3257851239669422,Mean True Alert Streaks from Initial Detection
uptrend,0.9,80,0.98,0.9434159779614324,0.9396969696969696,0.7900826446280992,0.4117079889807162,True Alert Rate
uptrend,0.9,30,1.055,0.0,0.0,0.0,0.0,Undetected Samples Percentage
uptrend,0.9,30,1.055,0.967410468319559,0.9680991735537188,0.9328925619834711,0.7776308539944904,Mean True Alert Streaks from Initial Detection
uptrend,0.9,30,1.055,0.9674104683195592,0.968099173553719,0.932892561983471,0.8215151515151515,True Alert Rate
uptrend,0.9,50,1.055,0.0,0.0,0.0,0.0,Undetected Samples Percentage
uptrend,0.9,50,1.055,0.9553994490358128,0.952121212121212,0.7103856749311295,0.7721487603305786,Mean True Alert Streaks from Initial Detection
uptrend,0.9,50,1.055,0.9585674931129476,0.952121212121212,0.7224242424242424,0.7721487603305786,True Alert Rate
uptrend,0.9,80,1.055,0.0,0.0,0.0,0.0,Undetected Samples Percentage
uptrend,0.9,80,1.055,0.934077134986226,0.9269696969696972,0.531900826446281,0.0757024793388429,Mean True Alert Streaks from Initial Detection
uptrend,0.9,80,1.055,0.934077134986226,0.926969696969697,0.5839669421487603,0.489862258953168,True Alert Rate
uptrend,0.9,30,1.13,0.0,0.0,0.0,0.0,Undetected Samples Percentage
uptrend,0.9,30,1.13,0.966611570247934,0.9646556473829204,0.80732782369146,0.8589807162534435,Mean True Alert Streaks from Initial Detection
uptrend,0.9,30,1.13,0.966611570247934,0.96465564738292,0.8126997245179063,0.8589807162534435,True Alert Rate
uptrend,0.9,50,1.13,0.0,0.0,0.0,0.0,Undetected Samples Percentage
uptrend,0.9,50,1.13,0.9608815426997248,0.9547382920110196,0.6716528925619834,0.6533884297520662,Mean True Alert Streaks from Initial Detection
uptrend,0.9,50,1.13,0.9608815426997244,0.9579063360881542,0.7222865013774105,0.6995592286501378,True Alert Rate
uptrend,0.9,80,1.13,0.0,0.0,0.0,0.0,Undetected Samples Percentage
uptrend,0.9,80,1.13,0.9313774104683196,0.9261432506887056,0.8259228650137741,0.4358677685950413,Mean True Alert Streaks from Initial Detection
uptrend,0.9,80,1.13,0.9313774104683196,0.9261432506887052,0.8259228650137741,0.4558402203856749,True Alert Rate
uptrend,0.9,30,1.205,0.0,0.0,0.0,0.0,Undetected Samples Percentage
uptrend,0.9,30,1.205,0.9658677685950412,0.9646556473829202,0.8461432506887053,0.7984022038567493,Mean True Alert Streaks from Initial Detection
uptrend,0.9,30,1.205,0.9658677685950412,0.96465564738292,0.8461432506887052,0.8377134986225895,True Alert Rate
uptrend,0.9,50,1.205,0.0,0.0,0.0,0.0,Undetected Samples Percentage
uptrend,0.9,50,1.205,0.9594214876033056,0.9514600550964188,0.557961432506887,0.797465564738292,Mean True Alert Streaks from Initial Detection
uptrend,0.9,50,1.205,0.9594214876033058,0.9514600550964188,0.6744077134986226,0.797465564738292,True Alert Rate
uptrend,0.9,80,1.205,0.0,0.0,0.0,0.0,Undetected Samples Percentage
uptrend,0.9,80,1.205,0.9332231404958676,0.9210743801652892,0.826198347107438,0.226198347107438,Mean True Alert Streaks from Initial Detection
uptrend,0.9,80,1.205,0.9332231404958676,0.9210743801652892,0.826198347107438,0.4703581267217631,True Alert Rate
uptrend,0.9,30,1.28,0.0,0.0,0.0,0.0,Undetected Samples Percentage
uptrend,0.9,30,1.28,0.967548209366391,0.9706887052341596,0.8474931129476585,0.8401101928374656,Mean True Alert Streaks from Initial Detection
uptrend,0.9,30,1.28,0.9675482093663912,0.9706887052341596,0.850358126721763,0.8457300275482094,True Alert Rate
uptrend,0.9,50,1.28,0.0,0.0,0.0,0.0,Undetected Samples Percentage
uptrend,0.9,50,1.28,0.9524242424242424,0.9567217630853994,0.7761432506887053,0.6974931129476585,Mean True Alert Streaks from Initial Detection
uptrend,0.9,50,1.28,0.9524242424242424,0.9567217630853996,0.8054545454545454,0.7139669421487603,True Alert Rate
uptrend,0.9,80,1.28,0.0,0.0,0.0,0.0,Undetected Samples Percentage
uptrend,0.9,80,1.28,0.9335537190082644,0.9265013774104686,0.827465564738292,0.4912947658402204,Mean True Alert Streaks from Initial Detection
uptrend,0.9,80,1.28,0.9335537190082644,0.9265013774104685,0.8383471074380165,0.4946556473829201,True Alert Rate
uptrend,0.9,30,1.355,0.0,0.0,0.0,0.0,Undetected Samples Percentage
uptrend,0.9,30,1.355,0.9672727272727272,0.9697520661157024,0.8010743801652893,0.8550413223140496,Mean True Alert Streaks from Initial Detection
uptrend,0.9,30,1.355,0.9672727272727272,0.9697520661157024,0.8258126721763085,0.8550413223140496,True Alert Rate
uptrend,0.9,50,1.355,0.0,0.0,0.0,0.0,Undetected Samples Percentage
uptrend,0.9,50,1.355,0.9504407713498622,0.952121212121212,0.7150413223140496,0.6486225895316805,Mean True Alert Streaks from Initial Detection
uptrend,0.9,50,1.355,0.9504407713498624,0.952121212121212,0.7222314049586777,0.7020110192837465,True Alert Rate
uptrend,0.9,80,1.355,0.0,0.0,0.0,0.0,Undetected Samples Percentage
uptrend,0.9,80,1.355,0.9335537190082644,0.933939393939394,0.0691460055096418,0.4210468319559228,Mean True Alert Streaks from Initial Detection
uptrend,0.9,80,1.355,0.9335537190082644,0.933939393939394,0.6633608815426997,0.4512396694214876,True Alert Rate
uptrend,0.9,30,1.43,0.0,0.0,0.0,0.0,Undetected Samples Percentage
uptrend,0.9,30,1.43,0.964380165289256,0.9678236914600552,0.7918457300275481,0.853856749311295,Mean True Alert Streaks from Initial Detection
uptrend,0.9,30,1.43,0.967603305785124,0.9678236914600552,0.8305234159779614,0.8567493112947658,True Alert Rate
uptrend,0.9,50,1.43,0.0,0.0,0.0,0.0,Undetected Samples Percentage
uptrend,0.9,50,1.43,0.9582644628099176,0.9518732782369146,0.6882644628099174,0.6387052341597796,Mean True Alert Streaks from Initial Detection
uptrend,0.9,50,1.43,0.9582644628099174,0.9518732782369146,0.7397520661157024,0.676969696969697,True Alert Rate
uptrend,0.9,80,1.43,0.0,0.0,0.0,0.0,Undetected Samples Percentage
uptrend,0.9,80,1.43,0.9165840220385676,0.934435261707989,0.4469972451790634,0.3296969696969697,Mean True Alert Streaks from Initial Detection
uptrend,0.9,80,1.43,0.9319834710743802,0.934435261707989,0.4590633608815427,0.4747658402203856,True Alert Rate
uptrend,0.9,30,1.505,0.0,0.0,0.0,0.0,Undetected Samples Percentage
uptrend,0.9,30,1.505,0.9663085399449036,0.9698071625344352,0.9503030303030304,0.7909917355371899,Mean True Alert Streaks from Initial Detection
uptrend,0.9,30,1.505,0.9663085399449036,0.9698071625344352,0.9503030303030304,0.8268044077134986,True Alert Rate
uptrend,0.9,50,1.505,0.0,0.0,0.0,0.0,Undetected Samples Percentage
uptrend,0.9,50,1.505,0.94633608815427,0.9573278236914602,0.7665564738292011,0.6432231404958677,Mean True Alert Streaks from Initial Detection
uptrend,0.9,50,1.505,0.94633608815427,0.95732782369146,0.7665564738292011,0.6795867768595041,True Alert Rate
uptrend,0.9,80,1.505,0.0,0.0,0.0,0.0,Undetected Samples Percentage
uptrend,0.9,80,1.505,0.934077134986226,0.933801652892562,0.1891735537190082,0.6471349862258954,Mean True Alert Streaks from Initial Detection
uptrend,0.9,80,1.505,0.934077134986226,0.933801652892562,0.4848209366391184,0.6537190082644628,True Alert Rate
uptrend,0.9,30,1.58,0.0,0.0,0.0,0.0,Undetected Samples Percentage
uptrend,0.9,30,1.58,0.968898071625344,0.969173553719008,0.8132231404958677,0.8315426997245178,Mean True Alert Streaks from Initial Detection
uptrend,0.9,30,1.58,0.9688980716253444,0.9691735537190084,0.8325895316804408,0.8398898071625345,True Alert Rate
uptrend,0.9,50,1.58,0.0,0.0,0.0,0.0,Undetected Samples Percentage
uptrend,0.9,50,1.58,0.9576584022038572,0.9569972451790636,0.923719008264463,0.595564738292011,Mean True Alert Streaks from Initial Detection
uptrend,0.9,50,1.58,0.9576584022038568,0.9569972451790634,0.9237190082644628,0.6759779614325069,True Alert Rate
uptrend,0.9,80,1.58,0.0,0.0,0.0,0.0,Undetected Samples Percentage
uptrend,0.9,80,1.58,0.9427548209366392,0.9257024793388432,0.6206060606060606,0.7676859504132231,Mean True Alert Streaks from Initial Detection
uptrend,0.9,80,1.58,0.9427548209366392,0.925702479338843,0.6206060606060606,0.7676859504132232,True Alert Rate
uptrend,0.9,30,1.655,0.0,0.0,0.0,0.0,Undetected Samples Percentage
uptrend,0.9,30,1.655,0.9709641873278236,0.9703305785123966,0.8470798898071624,0.7755371900826447,Mean True Alert Streaks from Initial Detection
uptrend,0.9,30,1.655,0.9709641873278236,0.9703305785123968,0.8470798898071625,0.8190082644628099,True Alert Rate
uptrend,0.9,50,1.655,0.0,0.0,0.0,0.0,Undetected Samples Percentage
uptrend,0.9,50,1.655,0.954214876033058,0.956887052341598,0.8030303030303029,0.664159779614325,Mean True Alert Streaks from Initial Detection
uptrend,0.9,50,1.655,0.954214876033058,0.9568870523415978,0.8218181818181818,0.7157851239669422,True Alert Rate
uptrend,0.9,80,1.655,0.0,0.0,0.0,0.0,Undetected Samples Percentage
uptrend,0.9,80,1.655,0.9249586776859507,0.9415702479338844,0.5331129476584021,0.2096694214876033,Mean True Alert Streaks from Initial Detection
uptrend,0.9,80,1.655,0.9249586776859504,0.9415702479338844,0.5348760330578513,0.5223691460055097,True Alert Rate
uptrend,0.9,30,1.73,0.0,0.0,0.0,0.0,Undetected Samples Percentage
uptrend,0.9,30,1.73,0.9712396694214877,0.9674931129476584,0.6727272727272727,0.7832782369146004,Mean True Alert Streaks from Initial Detection
uptrend,0.9,30,1.73,0.9712396694214877,0.9674931129476584,0.8696143250688705,0.8273278236914601,True Alert Rate
uptrend,0.9,50,1.73,0.0,0.0,0.0,0.0,Undetected Samples Percentage
uptrend,0.9,50,1.73,0.9462809917355374,0.9599724517906336,0.6668595041322314,0.7127823691460055,Mean True Alert Streaks from Initial Detection
uptrend,0.9,50,1.73,0.9462809917355371,0.9599724517906336,0.7379338842975207,0.7446831955922865,True Alert Rate
uptrend,0.9,80,1.73,0.0,0.0,0.0,0.0,Undetected Samples Percentage
uptrend,0.9,80,1.73,0.9201652892561984,0.932947658402204,0.7992837465564738,0.3096418732782369,Mean True Alert Streaks from Initial Detection
uptrend,0.9,80,1.73,0.9201652892561984,0.9329476584022038,0.7992837465564738,0.3980716253443526,True Alert Rate
uptrend,0.9,30,1.805,0.0,0.0,0.0,0.0,Undetected Samples Percentage
uptrend,0.9,30,1.805,0.9685123966942148,0.9672727272727272,0.8189807162534436,0.7487327823691461,Mean True Alert Streaks from Initial Detection
uptrend,0.9,30,1.805,0.9685123966942148,0.9672727272727272,0.8442699724517906,0.8347107438016529,True Alert Rate
uptrend,0.9,50,1.805,0.0,0.0,0.0,0.0,Undetected Samples Percentage
uptrend,0.9,50,1.805,0.9544628099173552,0.9541597796143252,0.3217630853994491,0.6466942148760331,Mean True Alert Streaks from Initial Detection
uptrend,0.9,50,1.805,0.9544628099173552,0.9541597796143252,0.7551515151515151,0.6782920110192837,True Alert Rate
uptrend,0.9,80,1.805,0.0,0.0,0.0,0.0,Undetected Samples Percentage
uptrend,0.9,80,1.805,0.9458953168044076,0.9333884297520664,0.136694214876033,0.3613223140495867,Mean True Alert Streaks from Initial Detection
uptrend,0.9,80,1.805,0.9458953168044076,0.9333884297520662,0.6371349862258954,0.4126721763085399,True Alert Rate
uptrend,0.75,30,0.005,0.0,0.0,0.0,0.0133333333333333,Undetected Samples Percentage
uptrend,0.75,30,0.005,0.0749586776859504,0.0215426997245179,0.0860881542699724,0.1131404958677686,Mean True Alert Streaks from Initial Detection
uptrend,0.75,30,0.005,0.7676584022038567,0.185564738292011,0.7064187327823691,0.2702479338842975,True Alert Rate
uptrend,0.75,50,0.005,0.0,0.01,0.0,0.0,Undetected Samples Percentage
uptrend,0.75,50,0.005,0.1780716253443526,0.0989256198347107,0.2078512396694214,0.0912121212121212,Mean True Alert Streaks from Initial Detection
uptrend,0.75,50,0.005,0.7314600550964188,0.3002754820936639,0.7169696969696969,0.4546556473829201,True Alert Rate
uptrend,0.75,80,0.005,0.0,0.0,0.0,0.0,Undetected Samples Percentage
uptrend,0.75,80,0.005,0.1494214876033057,0.1384573002754821,0.1644903581267217,0.1733333333333333,Mean True Alert Streaks from Initial Detection
uptrend,0.75,80,0.005,0.7229476584022039,0.4948484848484848,0.6141046831955923,0.5800826446280992,True Alert Rate
uptrend,0.75,30,0.08,0.0,0.0,0.0,0.0,Undetected Samples Percentage
uptrend,0.75,30,0.08,0.4828650137741046,0.5803305785123968,0.8219283746556473,0.8052066115702479,Mean True Alert Streaks from Initial Detection
uptrend,0.75,30,0.08,0.9200275482093664,0.8934710743801653,0.8385674931129476,0.8301101928374656,True Alert Rate
uptrend,0.75,50,0.08,0.0,0.0,0.0,0.0,Undetected Samples Percentage
uptrend,0.75,50,0.08,0.5429476584022038,0.6344903581267218,0.7542424242424243,0.733939393939394,Mean True Alert Streaks from Initial Detection
uptrend,0.75,50,0.08,0.8979614325068871,0.8848760330578512,0.7542424242424243,0.7391460055096418,True Alert Rate
uptrend,0.75,80,0.08,0.0,0.0,0.0,0.0,Undetected Samples Percentage
uptrend,0.75,80,0.08,0.6404132231404958,0.7091735537190083,0.627190082644628,0.5837465564738292,Mean True Alert Streaks from Initial Detection
uptrend,0.75,80,0.08,0.896831955922865,0.8865564738292011,0.6915977961432507,0.7033608815426997,True Alert Rate
uptrend,0.75,30,0.155,0.0,0.0,0.0,0.0,Undetected Samples Percentage
uptrend,0.75,30,0.155,0.7301101928374656,0.8035537190082646,0.8587327823691461,0.6876308539944904,Mean True Alert Streaks from Initial Detection
uptrend,0.75,30,0.155,0.9327548209366392,0.9263085399449036,0.858732782369146,0.8779614325068871,True Alert Rate
uptrend,0.75,50,0.155,0.0,0.0,0.0,0.0,Undetected Samples Percentage
uptrend,0.75,50,0.155,0.6949035812672176,0.729366391184573,0.7847107438016528,0.7919283746556474,Mean True Alert Streaks from Initial Detection
uptrend,0.75,50,0.155,0.935564738292011,0.9202203856749313,0.8116804407713498,0.7998622589531681,True Alert Rate
uptrend,0.75,80,0.155,0.0,0.0,0.0,0.0,Undetected Samples Percentage
uptrend,0.75,80,0.155,0.8081267217630853,0.8406611570247934,0.57534435261708,0.4129201101928375,Mean True Alert Streaks from Initial Detection
uptrend,0.75,80,0.155,0.9142148760330578,0.909862258953168,0.7794214876033058,0.8102203856749312,True Alert Rate
uptrend,0.75,30,0.23,0.0,0.0,0.0,0.0,Undetected Samples Percentage
uptrend,0.75,30,0.23,0.7694490358126722,0.8247107438016529,0.8512396694214875,0.8594490358126723,Mean True Alert Streaks from Initial Detection
uptrend,0.75,30,0.23,0.9517355371900826,0.943168044077135,0.8512396694214877,0.8710192837465565,True Alert Rate
uptrend,0.75,50,0.23,0.0,0.0,0.0,0.0,Undetected Samples Percentage
uptrend,0.75,50,0.23,0.8899724517906339,0.8945179063360882,0.7694490358126721,0.7901928374655648,Mean True Alert Streaks from Initial Detection
uptrend,0.75,50,0.23,0.9366115702479338,0.9345730027548208,0.7694490358126722,0.7901928374655648,True Alert Rate
uptrend,0.75,80,0.23,0.0,0.0,0.0,0.0,Undetected Samples Percentage
uptrend,0.75,80,0.23,0.8704683195592287,0.8890633608815426,0.6976308539944903,0.7472727272727273,Mean True Alert Streaks from Initial Detection
uptrend,0.75,80,0.23,0.9063085399449036,0.9069421487603304,0.8031404958677686,0.764931129476584,True Alert Rate
uptrend,0.75,30,0.305,0.0,0.0,0.0,0.0,Undetected Samples Percentage
uptrend,0.75,30,0.305,0.8393388429752067,0.8393663911845729,0.864931129476584,0.8272727272727273,Mean True Alert Streaks from Initial Detection
uptrend,0.75,30,0.305,0.9598071625344352,0.9521487603305784,0.8678236914600551,0.8385399449035813,True Alert Rate
uptrend,0.75,50,0.305,0.0,0.0,0.0,0.0,Undetected Samples Percentage
uptrend,0.75,50,0.305,0.9141046831955923,0.9092011019283748,0.8062809917355371,0.7220110192837464,Mean True Alert Streaks from Initial Detection
uptrend,0.75,50,0.305,0.9421487603305784,0.9403856749311296,0.8062809917355372,0.7220110192837466,True Alert Rate
uptrend,0.75,80,0.305,0.0,0.0,0.0,0.0,Undetected Samples Percentage
uptrend,0.75,80,0.305,0.918732782369146,0.9041597796143248,0.7428650137741046,0.7629752066115703,Mean True Alert Streaks from Initial Detection
uptrend,0.75,80,0.305,0.9248484848484848,0.910137741046832,0.7428650137741046,0.7629752066115703,True Alert Rate
uptrend,0.75,30,0.38,0.0,0.0,0.0,0.0,Undetected Samples Percentage
uptrend,0.75,30,0.38,0.8849586776859504,0.8132231404958677,0.8821212121212121,0.7746556473829201,Mean True Alert Streaks from Initial Detection
uptrend,0.75,30,0.38,0.9646280991735536,0.9588429752066115,0.8821212121212121,0.9129476584022038,True Alert Rate
uptrend,0.75,50,0.38,0.0,0.0,0.0,0.0,Undetected Samples Percentage
uptrend,0.75,50,0.38,0.9379063360881544,0.9398347107438018,0.712258953168044,0.8326170798898072,Mean True Alert Streaks from Initial Detection
uptrend,0.75,50,0.38,0.9441873278236914,0.9429476584022038,0.7389531680440772,0.8495316804407713,True Alert Rate
uptrend,0.75,80,0.38,0.0,0.0,0.0,0.0,Undetected Samples Percentage
uptrend,0.75,80,0.38,0.9093388429752064,0.909724517906336,0.7227272727272727,0.760633608815427,Mean True Alert Streaks from Initial Detection
uptrend,0.75,80,0.38,0.9123691460055096,0.909724517906336,0.7227272727272728,0.760633608815427,True Alert Rate
uptrend,0.75,30,0.455,0.0,0.0,0.0,0.0,Undetected Samples Percentage
uptrend,0.75,30,0.455,0.9103305785123964,0.9101652892561984,0.8463360881542699,0.8531404958677687,Mean True Alert Streaks from Initial Detection
uptrend,0.75,30,0.455,0.9646831955922864,0.961129476584022,0.84633608815427,0.8531404958677686,True Alert Rate
uptrend,0.75,50,0.455,0.0,0.0,0.0,0.0,Undetected Samples Percentage
uptrend,0.75,50,0.455,0.9196418732782372,0.882589531680441,0.6534710743801653,0.5470798898071627,Mean True Alert Streaks from Initial Detection
uptrend,0.75,50,0.455,0.9477685950413224,0.9518181818181818,0.6667768595041322,0.7062809917355372,True Alert Rate
uptrend,0.75,80,0.455,0.0,0.0,0.0,0.0,Undetected Samples Percentage
uptrend,0.75,80,0.455,0.9033057851239668,0.8979063360881543,0.5976308539944903,0.7328099173553719,Mean True Alert Streaks from Initial Detection
uptrend,0.75,80,0.455,0.903305785123967,0.9009090909090908,0.6239393939393939,0.7328099173553719,True Alert Rate
uptrend,0.75,30,0.53,0.0,0.0,0.0,0.0,Undetected Samples Percentage
uptrend,0.75,30,0.53,0.9250413223140496,0.9400826446280992,0.847823691460055,0.8334435261707988,Mean True Alert Streaks from Initial Detection
uptrend,0.75,30,0.53,0.966694214876033,0.9624242424242424,0.8478236914600551,0.8334435261707989,True Alert Rate
uptrend,0.75,50,0.53,0.0,0.0,0.0,0.0,Undetected Samples Percentage
uptrend,0.75,50,0.53,0.9438292011019284,0.9407438016528924,0.816831955922865,0.7940220385674932,Mean True Alert Streaks from Initial Detection
uptrend,0.75,50,0.53,0.9469421487603306,0.9407438016528924,0.8168319559228651,0.7940220385674931,True Alert Rate
uptrend,0.75,80,0.53,0.0,0.0,0.0,0.0,Undetected Samples Percentage
uptrend,0.75,80,0.53,0.9071625344352616,0.9171349862258954,0.4741597796143251,0.6416253443526171,Mean True Alert Streaks from Initial Detection
uptrend,0.75,80,0.53,0.9192837465564738,0.9232506887052342,0.8060055096418732,0.6416253443526171,True Alert Rate
uptrend,0.75,30,0.605,0.0,0.0,0.0,0.0,Undetected Samples Percentage
uptrend,0.75,30,0.605,0.95366391184573,0.9590358126721764,0.8898071625344351,0.9063636363636364,Mean True Alert Streaks from Initial Detection
uptrend,0.75,30,0.605,0.9664462809917356,0.9622865013774105,0.8898071625344353,0.909366391184573,True Alert Rate
uptrend,0.75,50,0.605,0.0,0.0,0.0,0.0,Undetected Samples Percentage
uptrend,0.75,50,0.605,0.9234435261707988,0.9527272727272728,0.831763085399449,0.7213498622589531,Mean True Alert Streaks from Initial Detection
uptrend,0.75,50,0.605,0.9583746556473828,0.9527272727272728,0.831763085399449,0.7285123966942149,True Alert Rate
uptrend,0.75,80,0.605,0.0,0.0,0.0,0.0,Undetected Samples Percentage
uptrend,0.75,80,0.605,0.8314876033057852,0.8914049586776857,0.4234435261707989,0.7450137741046832,Mean True Alert Streaks from Initial Detection
uptrend,0.75,80,0.605,0.9652341597796144,0.891404958677686,0.4263085399449036,0.7450137741046832,True Alert Rate
uptrend,0.75,30,0.68,0.0,0.0,0.0,0.0,Undetected Samples Percentage
uptrend,0.75,30,0.68,0.965785123966942,0.9494490358126724,0.803305785123967,0.9089807162534432,Mean True Alert Streaks from Initial Detection
uptrend,0.75,30,0.68,0.96900826446281,0.9653994490358128,0.8060055096418732,0.9089807162534436,True Alert Rate
uptrend,0.75,50,0.68,0.0,0.0,0.0,0.0,Undetected Samples Percentage
uptrend,0.75,50,0.68,0.9418457300275482,0.926611570247934,0.596115702479339,0.7988705234159779,Mean True Alert Streaks from Initial Detection
uptrend,0.75,50,0.68,0.9481267217630854,0.9517079889807164,0.6622589531680441,0.798870523415978,True Alert Rate
uptrend,0.75,80,0.68,0.0,0.0,0.0,0.0,Undetected Samples Percentage
uptrend,0.75,80,0.68,0.8002754820936638,0.8953994490358127,0.74366391184573,0.3668595041322314,Mean True Alert Streaks from Initial Detection
uptrend,0.75,80,0.68,0.9079614325068872,0.9104683195592288,0.74366391184573,0.3930578512396694,True Alert Rate
uptrend,0.75,30,0.755,0.0,0.0,0.0,0.0,Undetected Samples Percentage
uptrend,0.75,30,0.755,0.9470798898071624,0.9450137741046832,0.8076308539944904,0.7957851239669421,Mean True Alert Streaks from Initial Detection
uptrend,0.75,30,0.755,0.9695592286501378,0.9643250688705234,0.8211845730027548,0.8119559228650137,True Alert Rate
uptrend,0.75,50,0.755,0.0,0.0,0.0,0.0,Undetected Samples Percentage
uptrend,0.75,50,0.755,0.9541046831955924,0.9501928374655646,0.8726997245179063,0.8038292011019282,Mean True Alert Streaks from Initial Detection
uptrend,0.75,50,0.755,0.9541046831955924,0.9501928374655648,0.8726997245179063,0.8038292011019283,True Alert Rate
uptrend,0.75,80,0.755,0.0,0.0,0.0,0.0,Undetected Samples Percentage
uptrend,0.75,80,0.755,0.8967493112947658,0.895564738292011,0.6367493112947659,0.6073553719008264,Mean True Alert Streaks from Initial Detection
uptrend,0.75,80,0.755,0.8967493112947659,0.895564738292011,0.6888980716253443,0.6073553719008264,True Alert Rate
uptrend,0.75,30,0.83,0.0,0.0,0.0,0.0,Undetected Samples Percentage
uptrend,0.75,30,0.83,0.9647658402203856,0.9641873278236914,0.8362258953168044,0.8303856749311294,Mean True Alert Streaks from Initial Detection
uptrend,0.75,30,0.83,0.967961432506887,0.9673829201101928,0.8362258953168044,0.8303856749311295,True Alert Rate
uptrend,0.75,50,0.83,0.0,0.0,0.0,0.0,Undetected Samples Percentage
uptrend,0.75,50,0.83,0.9379614325068872,0.9361707988980716,0.8129752066115703,0.1644903581267217,Mean True Alert Streaks from Initial Detection
uptrend,0.75,50,0.83,0.937961432506887,0.9392561983471074,0.8129752066115703,0.6932782369146006,True Alert Rate
uptrend,0.75,80,0.83,0.0,0.0,0.0,0.0,Undetected Samples Percentage
uptrend,0.75,80,0.83,0.8990358126721765,0.8979063360881543,0.4677961432506887,0.2325068870523416,Mean True Alert Streaks from Initial Detection
uptrend,0.75,80,0.83,0.8990358126721764,0.8979063360881543,0.664159779614325,0.5413774104683196,True Alert Rate
uptrend,0.75,30,0.905,0.0,0.0,0.0,0.0,Undetected Samples Percentage
uptrend,0.75,30,0.905,0.9661983471074378,0.9650964187327824,0.8540771349862258,0.8347933884297519,Mean True Alert Streaks from Initial Detection
uptrend,0.75,30,0.905,0.9693939393939394,0.9682920110192836,0.854077134986226,0.834793388429752,True Alert Rate
uptrend,0.75,50,0.905,0.0,0.0,0.0,0.0,Undetected Samples Percentage
uptrend,0.75,50,0.905,0.9365564738292012,0.9423415977961432,0.8433333333333334,0.784848484848485,Mean True Alert Streaks from Initial Detection
uptrend,0.75,50,0.905,0.9458953168044076,0.9423415977961432,0.8433333333333334,0.7848484848484848,True Alert Rate
uptrend,0.75,80,0.905,0.0,0.0,0.0,0.0,Undetected Samples Percentage
uptrend,0.75,80,0.905,0.9148209366391188,0.8837465564738292,0.5730853994490358,0.8069146005509642,Mean True Alert Streaks from Initial Detection
uptrend,0.75,80,0.905,0.9148209366391185,0.8925895316804408,0.5730853994490358,0.8095867768595041,True Alert Rate
uptrend,0.75,30,0.98,0.0,0.0,0.0,0.0,Undetected Samples Percentage
uptrend,0.75,30,0.98,0.9461983471074378,0.9684022038567492,0.8456198347107439,0.8284022038567493,Mean True Alert Streaks from Initial Detection
uptrend,0.75,30,0.98,0.9686501377410468,0.9684022038567494,0.8456198347107438,0.8284022038567493,True Alert Rate
uptrend,0.75,50,0.98,0.0,0.0,0.0,0.0,Undetected Samples Percentage
uptrend,0.75,50,0.98,0.937741046831956,0.9432782369146008,0.7409090909090911,0.8182093663911846,Mean True Alert Streaks from Initial Detection
uptrend,0.75,50,0.98,0.937741046831956,0.9432782369146006,0.7556198347107438,0.8182093663911846,True Alert Rate
uptrend,0.75,80,0.98,0.0,0.0,0.0,0.0,Undetected Samples Percentage
uptrend,0.75,80,0.98,0.9016804407713498,0.8736088154269972,0.7722589531680442,0.8053719008264462,Mean True Alert Streaks from Initial Detection
uptrend,0.75,80,0.98,0.90168044077135,0.9093939393939394,0.8181267217630854,0.8053719008264463,True Alert Rate
uptrend,0.75,30,1.055,0.0,0.0,0.0,0.0,Undetected Samples Percentage
uptrend,0.75,30,1.055,0.9670798898071624,0.9667217630853994,0.8985950413223142,0.857245179063361,Mean True Alert Streaks from Initial Detection
uptrend,0.75,30,1.055,0.9670798898071624,0.9667217630853996,0.898595041322314,0.8572451790633608,True Alert Rate
uptrend,0.75,50,1.055,0.0,0.0,0.0,0.0,Undetected Samples Percentage
uptrend,0.75,50,1.055,0.9530578512396696,0.9466391184573004,0.6688429752066116,0.6303030303030304,Mean True Alert Streaks from Initial Detection
uptrend,0.75,50,1.055,0.9530578512396696,0.9497796143250689,0.673305785123967,0.6652892561983471,True Alert Rate
uptrend,0.75,80,1.055,0.0,0.0,0.0,0.0,Undetected Samples Percentage
uptrend,0.75,80,1.055,0.897465564738292,0.8952617079889804,0.4184573002754821,0.345564738292011,Mean True Alert Streaks from Initial Detection
uptrend,0.75,80,1.055,0.897465564738292,0.8952617079889807,0.4198347107438016,0.3967493112947658,True Alert Rate
uptrend,0.75,30,1.13,0.0,0.0,0.0,0.0,Undetected Samples Percentage
uptrend,0.75,30,1.13,0.9706060606060604,0.9572176308539944,0.812892561983471,0.8319559228650136,Mean True Alert Streaks from Initial Detection
uptrend,0.75,30,1.13,0.9706060606060606,0.98,0.812892561983471,0.8319559228650137,True Alert Rate
uptrend,0.75,50,1.13,0.0,0.0,0.0,0.0,Undetected Samples Percentage
uptrend,0.75,50,1.13,0.9499173553719008,0.9374104683195594,0.7033608815426998,0.83465564738292,Mean True Alert Streaks from Initial Detection
uptrend,0.75,50,1.13,0.9499173553719008,0.9374104683195592,0.7349862258953168,0.8346556473829201,True Alert Rate
uptrend,0.75,80,1.13,0.0,0.0,0.0,0.0,Undetected Samples Percentage
uptrend,0.75,80,1.13,0.8897245179063361,0.8928099173553717,0.781267217630854,0.7625619834710744,Mean True Alert Streaks from Initial Detection
uptrend,0.75,80,1.13,0.8897245179063361,0.8928099173553719,0.781267217630854,0.7625619834710744,True Alert Rate
uptrend,0.75,30,1.205,0.0,0.0,0.0,0.0,Undetected Samples Percentage
uptrend,0.75,30,1.205,0.969366391184573,0.969724517906336,0.8133608815426997,0.90198347107438,Mean True Alert Streaks from Initial Detection
uptrend,0.75,30,1.205,0.969366391184573,0.969724517906336,0.8187878787878788,0.90198347107438,True Alert Rate
uptrend,0.75,50,1.205,0.0,0.0,0.0,0.0,Undetected Samples Percentage
uptrend,0.75,50,1.205,0.939862258953168,0.9414876033057852,0.8356198347107435,0.8512396694214875,Mean True Alert Streaks from Initial Detection
uptrend,0.75,50,1.205,0.939862258953168,0.9414876033057852,0.8356198347107437,0.8512396694214877,True Alert Rate
uptrend,0.75,80,1.205,0.0,0.0,0.0,0.0,Undetected Samples Percentage
uptrend,0.75,80,1.205,0.8946005509641872,0.8957575757575754,0.7197245179063362,0.7229476584022039,Mean True Alert Streaks from Initial Detection
uptrend,0.75,80,1.205,0.8946005509641873,0.8957575757575758,0.7197245179063361,0.7229476584022039,True Alert Rate
uptrend,0.75,30,1.28,0.0,0.0,0.0,0.0,Undetected Samples Percentage
uptrend,0.75,30,1.28,0.9671074380165288,0.9641322314049586,0.8560881542699724,0.8371074380165289,Mean True Alert Streaks from Initial Detection
uptrend,0.75,30,1.28,0.9671074380165288,0.9770523415977962,0.8560881542699724,0.8371074380165289,True Alert Rate
uptrend,0.75,50,1.28,0.0,0.0,0.0,0.0,Undetected Samples Percentage
uptrend,0.75,50,1.28,0.9391184573002757,0.9474931129476584,0.734517906336088,0.7095316804407713,Mean True Alert Streaks from Initial Detection
uptrend,0.75,50,1.28,0.9391184573002754,0.9474931129476584,0.7345179063360882,0.7095316804407713,True Alert Rate
uptrend,0.75,80,1.28,0.0,0.0,0.0,0.0,Undetected Samples Percentage
uptrend,0.75,80,1.28,0.8933057851239667,0.8946280991735537,0.8004407713498622,0.3832782369146005,Mean True Alert Streaks from Initial Detection
uptrend,0.75,80,1.28,0.893305785123967,0.8946280991735537,0.8004407713498622,0.3949862258953168,True Alert Rate
uptrend,0.75,30,1.355,0.0,0.0,0.0,0.0,Undetected Samples Percentage
uptrend,0.75,30,1.355,0.9718732782369146,0.9741322314049586,0.8678236914600554,0.8404132231404959,Mean True Alert Streaks from Initial Detection
uptrend,0.75,30,1.355,0.9718732782369146,0.9741322314049586,0.8678236914600551,0.8404132231404958,True Alert Rate
uptrend,0.75,50,1.355,0.0,0.0,0.0,0.0,Undetected Samples Percentage
uptrend,0.75,50,1.355,0.9422038567493112,0.9455371900826448,0.7712121212121211,0.676198347107438,Mean True Alert Streaks from Initial Detection
uptrend,0.75,50,1.355,0.9422038567493112,0.9455371900826446,0.7712121212121212,0.676198347107438,True Alert Rate
uptrend,0.75,80,1.355,0.0,0.0,0.0,0.0,Undetected Samples Percentage
uptrend,0.75,80,1.355,0.8916253443526171,0.8917355371900826,0.2822865013774104,0.0862534435261708,Mean True Alert Streaks from Initial Detection
uptrend,0.75,80,1.355,0.8916253443526171,0.8917355371900827,0.4043250688705234,0.5960055096418733,True Alert Rate
uptrend,0.75,30,1.43,0.0,0.0,0.0,0.0,Undetected Samples Percentage
uptrend,0.75,30,1.43,0.9459504132231404,0.9699449035812672,0.8432782369146006,0.8253168044077134,Mean True Alert Streaks from Initial Detection
uptrend,0.75,30,1.43,0.9918181818181818,0.9699449035812672,0.8432782369146006,0.8253168044077135,True Alert Rate
uptrend,0.75,50,1.43,0.0,0.0,0.0,0.0,Undetected Samples Percentage
uptrend,0.75,50,1.43,0.9532782369146008,0.9594490358126724,0.8016528925619834,0.6840220385674931,Mean True Alert Streaks from Initial Detection
uptrend,0.75,50,1.43,0.9532782369146006,0.9594490358126722,0.8016528925619835,0.6862809917355371,True Alert Rate
uptrend,0.75,80,1.43,0.0,0.0,0.0,0.0,Undetected Samples Percentage
uptrend,0.75,80,1.43,0.9103305785123964,0.8911019283746555,0.0986501377410468,0.3485674931129476,Mean True Alert Streaks from Initial Detection
uptrend,0.75,80,1.43,0.9103305785123968,0.8911019283746556,0.5987052341597796,0.395426997245179,True Alert Rate
uptrend,0.75,30,1.505,0.0,0.0,0.0,0.0,Undetected Samples Percentage
uptrend,0.75,30,1.505,0.9546831955922864,0.9720110192837468,0.9089256198347108,0.7984022038567493,Mean True Alert Streaks from Initial Detection
uptrend,0.75,30,1.505,0.9773002754820936,0.9720110192837466,0.9089256198347108,0.8063911845730027,True Alert Rate
uptrend,0.75,50,1.505,0.0,0.0,0.0,0.0,Undetected Samples Percentage
uptrend,0.75,50,1.505,0.946115702479339,0.9372727272727271,0.733939393939394,0.7227548209366391,Mean True Alert Streaks from Initial Detection
uptrend,0.75,50,1.505,0.9461157024793388,0.9372727272727271,0.7339393939393939,0.7251515151515151,True Alert Rate
uptrend,0.75,80,1.505,0.0,0.0,0.0,0.0,Undetected Samples Percentage
uptrend,0.75,80,1.505,0.8913223140495866,0.892396694214876,0.4641046831955924,0.3899449035812672,Mean True Alert Streaks from Initial Detection
uptrend,0.75,80,1.505,0.8913223140495867,0.892396694214876,0.4641046831955923,0.4005509641873278,True Alert Rate
uptrend,0.75,30,1.58,0.0,0.0,0.0,0.0,Undetected Samples Percentage
uptrend,0.75,30,1.58,0.9668595041322317,0.9717355371900824,0.8761157024793389,0.7976584022038568,Mean True Alert Streaks from Initial Detection
uptrend,0.75,30,1.58,0.9831129476584022,0.9717355371900828,0.8761157024793389,0.8110192837465565,True Alert Rate
uptrend,0.75,50,1.58,0.0,0.0,0.0,0.0,Undetected Samples Percentage
uptrend,0.75,50,1.58,0.9379338842975208,0.9421763085399448,0.6851790633608815,0.6384297520661156,Mean True Alert Streaks from Initial Detection
uptrend,0.75,50,1.58,0.9379338842975208,0.9421763085399448,0.6874380165289257,0.6557300275482094,True Alert Rate
uptrend,0.75,80,1.58,0.0,0.0,0.0,0.0,Undetected Samples Percentage
uptrend,0.75,80,1.58,0.893526170798898,0.8955096418732781,0.7696969696969697,0.7496143250688706,Mean True Alert Streaks from Initial Detection
uptrend,0.75,80,1.58,0.8935261707988981,0.8955096418732782,0.7696969696969697,0.7496143250688705,True Alert Rate
uptrend,0.75,30,1.655,0.0,0.0,0.0,0.0,Undetected Samples Percentage
uptrend,0.75,30,1.655,0.9650964187327824,0.977190082644628,0.8331955922865012,0.843719008264463,Mean True Alert Streaks from Initial Detection
uptrend,0.75,30,1.655,0.9650964187327824,0.977190082644628,0.8331955922865014,0.8437190082644628,True Alert Rate
uptrend,0.75,50,1.655,0.0,0.0,0.0,0.0,Undetected Samples Percentage
uptrend,0.75,50,1.655,0.9355096418732785,0.9372727272727276,0.711763085399449,0.6999449035812673,Mean True Alert Streaks from Initial Detection
uptrend,0.75,50,1.655,0.9355096418732782,0.9372727272727271,0.711763085399449,0.6999449035812673,True Alert Rate
uptrend,0.75,80,1.655,0.0,0.0,0.0,0.0,Undetected Samples Percentage
uptrend,0.75,80,1.655,0.8912947658402203,0.8913498622589532,0.1296694214876033,0.798374655647383,Mean True Alert Streaks from Initial Detection
uptrend,0.75,80,1.655,0.8912947658402204,0.8913498622589532,0.4890358126721763,0.798374655647383,True Alert Rate
uptrend,0.75,30,1.73,0.0,0.0,0.0,0.0,Undetected Samples Percentage
uptrend,0.75,30,1.73,0.9716804407713496,0.9714049586776858,0.7338567493112949,0.856749311294766,Mean True Alert Streaks from Initial Detection
uptrend,0.75,30,1.73,0.97168044077135,0.971404958677686,0.8115151515151515,0.8567493112947658,True Alert Rate
uptrend,0.75,50,1.73,0.0,0.0,0.0,0.0,Undetected Samples Percentage
uptrend,0.75,50,1.73,0.9390358126721764,0.9367768595041324,0.6673002754820936,0.727603305785124,Mean True Alert Streaks from Initial Detection
uptrend,0.75,50,1.73,0.9390358126721764,0.9367768595041324,0.680771349862259,0.727603305785124,True Alert Rate
uptrend,0.75,80,1.73,0.0,0.0,0.0,0.0,Undetected Samples Percentage
uptrend,0.75,80,1.73,0.8889807162534435,0.8892011019283745,0.4465564738292011,0.7685950413223142,Mean True Alert Streaks from Initial Detection
uptrend,0.75,80,1.73,0.8889807162534435,0.8892011019283746,0.4465564738292011,0.768595041322314,True Alert Rate
uptrend,0.75,30,1.805,0.0,0.0,0.0,0.0,Undetected Samples Percentage
uptrend,0.75,30,1.805,0.9668044077134986,0.5985399449035811,0.8233608815426996,0.8008264462809916,Mean True Alert Streaks from Initial Detection
uptrend,0.75,30,1.805,0.9668044077134986,0.5985399449035813,0.8315977961432507,0.8115702479338843,True Alert Rate
uptrend,0.75,50,1.805,0.0,0.0,0.0,0.0,Undetected Samples Percentage
uptrend,0.75,50,1.805,0.938181818181818,0.9402203856749312,0.7136088154269972,0.7202754820936639,Mean True Alert Streaks from Initial Detection
uptrend,0.75,50,1.805,0.9381818181818182,0.9402203856749312,0.7136088154269973,0.7202754820936639,True Alert Rate
uptrend,0.75,80,1.805,0.0,0.0,0.0,0.0,Undetected Samples Percentage
uptrend,0.75,80,1.805,0.793030303030303,0.8950413223140494,0.8060881542699724,0.3949586776859504,Mean True Alert Streaks from Initial Detection
uptrend,0.75,80,1.805,0.9109366391184572,0.8950413223140495,0.8060881542699725,0.4016253443526171,True Alert Rate
uptrend,0.5,30,0.005,0.0,0.0,0.0,0.0,Undetected Samples Percentage
uptrend,0.5,30,0.005,0.0553168044077135,0.0470523415977961,0.097465564738292,0.2006336088154269,Mean True Alert Streaks from Initial Detection
uptrend,0.5,30,0.005,0.6805509641873279,0.7089807162534435,0.8080165289256198,0.8394765840220386,True Alert Rate
uptrend,0.5,50,0.005,0.0,0.0,0.0,0.0,Undetected Samples Percentage
uptrend,0.5,50,0.005,0.0926997245179063,0.0545179063360881,0.1899173553719008,0.1914600550964187,Mean True Alert Streaks from Initial Detection
uptrend,0.5,50,0.005,0.7673002754820937,0.7157851239669422,0.7439118457300276,0.6994490358126721,True Alert Rate
uptrend,0.5,80,0.005,0.0,0.0,0.0,0.0,Undetected Samples Percentage
uptrend,0.5,80,0.005,0.0923691460055096,0.1656473829201102,0.1952617079889807,0.099228650137741,Mean True Alert Streaks from Initial Detection
uptrend,0.5,80,0.005,0.6941873278236914,0.7092286501377411,0.5740220385674931,0.553939393939394,True Alert Rate
uptrend,0.5,30,0.08,0.0,0.0,0.0,0.0,Undetected Samples Percentage
uptrend,0.5,30,0.08,0.5604683195592287,0.5324793388429752,0.7548209366391184,0.7423140495867768,Mean True Alert Streaks from Initial Detection
uptrend,0.5,30,0.08,0.9179063360881544,0.9232506887052342,0.8435812672176308,0.8510468319559229,True Alert Rate
uptrend,0.5,50,0.08,0.0,0.0,0.0,0.0,Undetected Samples Percentage
uptrend,0.5,50,0.08,0.533801652892562,0.6073553719008264,0.7044628099173554,0.7133608815426997,Mean True Alert Streaks from Initial Detection
uptrend,0.5,50,0.08,0.903305785123967,0.909146005509642,0.7306887052341597,0.7425895316804407,True Alert Rate
uptrend,0.5,80,0.08,0.0,0.0,0.0,0.0,Undetected Samples Percentage
uptrend,0.5,80,0.08,0.7406887052341599,0.6941046831955924,0.6150413223140496,0.4772176308539945,Mean True Alert Streaks from Initial Detection
uptrend,0.5,80,0.08,0.8895316804407714,0.9103305785123968,0.6563636363636364,0.645564738292011,True Alert Rate
uptrend,0.5,30,0.155,0.0,0.0,0.0,0.0,Undetected Samples Percentage
uptrend,0.5,30,0.155,0.6958953168044077,0.760495867768595,0.8363085399449036,0.839449035812672,Mean True Alert Streaks from Initial Detection
uptrend,0.5,30,0.155,0.9443250688705234,0.9433608815426996,0.8390909090909091,0.8422865013774105,True Alert Rate
uptrend,0.5,50,0.155,0.0,0.0,0.0,0.0,Undetected Samples Percentage
uptrend,0.5,50,0.155,0.707107438016529,0.7753994490358127,0.7591460055096418,0.7426997245179063,Mean True Alert Streaks from Initial Detection
uptrend,0.5,50,0.155,0.9367493112947658,0.9133608815426996,0.7591460055096418,0.7551239669421488,True Alert Rate
uptrend,0.5,80,0.155,0.0,0.0,0.0,0.0,Undetected Samples Percentage
uptrend,0.5,80,0.155,0.573388429752066,0.8293939393939394,0.5447107438016529,0.6817355371900826,Mean True Alert Streaks from Initial Detection
uptrend,0.5,80,0.155,0.973801652892562,0.916198347107438,0.6196143250688705,0.686198347107438,True Alert Rate
uptrend,0.5,30,0.23,0.0,0.0,0.0,0.0,Undetected Samples Percentage
uptrend,0.5,30,0.23,0.7239669421487605,0.7761707988980716,0.8558953168044078,0.8283195592286502,Mean True Alert Streaks from Initial Detection
uptrend,0.5,30,0.23,0.9494765840220386,0.9484848484848484,0.8558953168044077,0.8563636363636363,True Alert Rate
uptrend,0.5,50,0.23,0.0,0.0,0.0,0.0,Undetected Samples Percentage
uptrend,0.5,50,0.23,0.7286501377410468,0.8390909090909091,0.7520110192837467,0.7352066115702479,Mean True Alert Streaks from Initial Detection
uptrend,0.5,50,0.23,0.9749035812672175,0.9869696969696968,0.7520110192837466,0.7352066115702479,True Alert Rate
uptrend,0.5,80,0.23,0.0,0.0,0.0,0.0,Undetected Samples Percentage
uptrend,0.5,80,0.23,0.7073002754820937,0.6709366391184572,0.6470247933884298,0.6500550964187328,Mean True Alert Streaks from Initial Detection
uptrend,0.5,80,0.23,0.947465564738292,0.9630578512396696,0.6470247933884298,0.6721212121212121,True Alert Rate
uptrend,0.5,30,0.305,0.0,0.0,0.0,0.0,Undetected Samples Percentage
uptrend,0.5,30,0.305,0.8457851239669423,0.7957024793388431,0.8321487603305784,0.8269421487603306,Mean True Alert Streaks from Initial Detection
uptrend,0.5,30,0.305,0.952892561983471,0.9640220385674932,0.8321487603305785,0.8269421487603306,True Alert Rate
uptrend,0.5,50,0.305,0.0,0.0,0.0,0.0,Undetected Samples Percentage
uptrend,0.5,50,0.305,0.9529201101928376,0.9999449035812672,0.71732782369146,0.7739944903581266,Mean True Alert Streaks from Initial Detection
uptrend,0.5,50,0.305,0.9985399449035812,0.9999449035812672,0.7173278236914601,0.7739944903581267,True Alert Rate
uptrend,0.5,80,0.305,0.0,0.0,0.0,0.0,Undetected Samples Percentage
uptrend,0.5,80,0.305,0.8350137741046832,0.849779614325069,0.6311019283746556,0.663801652892562,Mean True Alert Streaks from Initial Detection
uptrend,0.5,80,0.305,0.9550964187327824,0.9612396694214876,0.6373002754820937,0.6703856749311294,True Alert Rate
uptrend,0.5,30,0.38,0.0,0.0,0.0,0.0,Undetected Samples Percentage
uptrend,0.5,30,0.38,0.8489531680440772,0.8041597796143252,0.8306611570247933,0.8112947658402203,Mean True Alert Streaks from Initial Detection
uptrend,0.5,30,0.38,0.9596418732782368,0.974077134986226,0.8306611570247934,0.8112947658402204,True Alert Rate
uptrend,0.5,50,0.38,0.0,0.0,0.0,0.0,Undetected Samples Percentage
uptrend,0.5,50,0.38,0.9999173553719009,0.9829201101928372,0.6652341597796143,0.7198347107438017,Mean True Alert Streaks from Initial Detection
uptrend,0.5,50,0.38,0.9999173553719009,0.9992561983471074,0.6831680440771349,0.7198347107438017,True Alert Rate
uptrend,0.5,80,0.38,0.0,0.0,0.0,0.0,Undetected Samples Percentage
uptrend,0.5,80,0.38,0.9130303030303032,0.7643250688705234,0.6350137741046831,0.6410743801652892,Mean True Alert Streaks from Initial Detection
uptrend,0.5,80,0.38,0.919228650137741,0.9693939393939394,0.6350137741046832,0.6410743801652893,True Alert Rate
uptrend,0.5,30,0.455,0.0,0.0,0.0,0.0,Undetected Samples Percentage
uptrend,0.5,30,0.455,0.840358126721763,0.8628374655647383,0.8153719008264463,0.8306336088154269,Mean True Alert Streaks from Initial Detection
uptrend,0.5,30,0.455,0.9756473829201102,0.9896143250688704,0.8153719008264463,0.830633608815427,True Alert Rate
uptrend,0.5,50,0.455,0.0,0.0,0.0,0.0,Undetected Samples Percentage
uptrend,0.5,50,0.455,0.8261707988980717,0.9606611570247936,0.6404407713498622,0.6486501377410469,Mean True Alert Streaks from Initial Detection
uptrend,0.5,50,0.455,0.9886776859504132,0.9799449035812672,0.6425619834710744,0.6753719008264463,True Alert Rate
uptrend,0.5,80,0.455,0.0,0.0,0.0,0.0,Undetected Samples Percentage
uptrend,0.5,80,0.455,0.823801652892562,0.9099724517906336,0.3323691460055097,0.6402203856749311,Mean True Alert Streaks from Initial Detection
uptrend,0.5,80,0.455,0.9713774104683196,0.9508264462809918,0.5056473829201102,0.6402203856749311,True Alert Rate
uptrend,0.5,30,0.53,0.0,0.0,0.0,0.0,Undetected Samples Percentage
uptrend,0.5,30,0.53,0.7797245179063361,0.4410192837465564,0.7999999999999999,0.7898898071625344,Mean True Alert Streaks from Initial Detection
uptrend,0.5,30,0.53,0.9379063360881544,0.5377410468319559,0.8,0.8113223140495868,True Alert Rate
uptrend,0.5,50,0.53,0.0,0.0,0.0,0.0,Undetected Samples Percentage
uptrend,0.5,50,0.53,0.979504132231405,0.9933333333333332,0.6271349862258954,0.7550964187327824,Mean True Alert Streaks from Initial Detection
uptrend,0.5,50,0.53,0.9991735537190084,0.9998898071625344,0.6419559228650138,0.7550964187327823,True Alert Rate
uptrend,0.5,80,0.53,0.0,0.0,0.0,0.0,Undetected Samples Percentage
uptrend,0.5,80,0.53,0.9243801652892564,0.9179614325068872,0.6976308539944905,0.5306060606060605,Mean True Alert Streaks from Initial Detection
uptrend,0.5,80,0.53,0.9274380165289255,0.949283746556474,0.6976308539944903,0.5306060606060606,True Alert Rate
uptrend,0.5,30,0.605,0.0,0.0,0.0,0.0,Undetected Samples Percentage
uptrend,0.5,30,0.605,0.9055922865013774,0.89099173553719,0.8058402203856748,0.8361707988980716,Mean True Alert Streaks from Initial Detection
uptrend,0.5,30,0.605,0.9902479338842975,0.991404958677686,0.8085123966942149,0.8361707988980717,True Alert Rate
uptrend,0.5,50,0.605,0.0,0.0,0.0,0.0,Undetected Samples Percentage
uptrend,0.5,50,0.605,1.0,0.9828650137741046,0.7319283746556474,0.7492286501377411,Mean True Alert Streaks from Initial Detection
uptrend,0.5,50,0.605,1.0,0.9992286501377412,0.7319283746556474,0.7492286501377411,True Alert Rate
uptrend,0.5,80,0.605,0.0,0.0,0.0,0.0,Undetected Samples Percentage
uptrend,0.5,80,0.605,0.937741046831956,0.9114325068870524,0.5434710743801653,0.6184848484848485,Mean True Alert Streaks from Initial Detection
uptrend,0.5,80,0.605,0.9568044077134986,0.9114325068870524,0.5434710743801653,0.6184848484848485,True Alert Rate
uptrend,0.5,30,0.68,0.0,0.0,0.0,0.0,Undetected Samples Percentage
uptrend,0.5,30,0.68,0.7934435261707989,0.915619834710744,0.8435261707988981,0.8210192837465564,Mean True Alert Streaks from Initial Detection
uptrend,0.5,30,0.68,0.868099173553719,0.993939393939394,0.843526170798898,0.8210192837465565,True Alert Rate
uptrend,0.5,50,0.68,0.0,0.0,0.0,0.0,Undetected Samples Percentage
uptrend,0.5,50,0.68,0.9929201101928375,0.9999724517906337,0.6592561983471074,0.6852341597796142,Mean True Alert Streaks from Initial Detection
uptrend,0.5,50,0.68,0.9994490358126722,0.9999724517906337,0.6592561983471075,0.6852341597796143,True Alert Rate
uptrend,0.5,80,0.68,0.0,0.0,0.0,0.0,Undetected Samples Percentage
uptrend,0.5,80,0.68,0.9290633608815428,0.8979889807162535,0.6577410468319559,0.619366391184573,Mean True Alert Streaks from Initial Detection
uptrend,0.5,80,0.68,0.9352617079889808,0.9448209366391184,0.6577410468319559,0.619366391184573,True Alert Rate
uptrend,0.5,30,0.755,0.0,0.0,0.0,0.0,Undetected Samples Percentage
uptrend,0.5,30,0.755,0.5719834710743802,0.9524242424242424,0.8078512396694214,0.8055371900826446,Mean True Alert Streaks from Initial Detection
uptrend,0.5,30,0.755,0.5896694214876033,0.9784297520661156,0.8105785123966942,0.8055371900826447,True Alert Rate
uptrend,0.5,50,0.755,0.0,0.0,0.0,0.0,Undetected Samples Percentage
uptrend,0.5,50,0.755,0.9240495867768596,1.0,0.6896143250688705,0.6782093663911845,Mean True Alert Streaks from Initial Detection
uptrend,0.5,50,0.755,0.99267217630854,1.0,0.6896143250688705,0.6782093663911846,True Alert Rate
uptrend,0.5,80,0.755,0.0,0.0,0.0,0.0,Undetected Samples Percentage
uptrend,0.5,80,0.755,0.8301377410468321,0.9496694214876036,0.6495592286501377,0.6495041322314049,Mean True Alert Streaks from Initial Detection
uptrend,0.5,80,0.755,0.9527272727272728,0.952809917355372,0.6495592286501377,0.6495041322314049,True Alert Rate
uptrend,0.5,30,0.83,0.0,0.0,0.0,0.0,Undetected Samples Percentage
uptrend,0.5,30,0.83,0.3920936639118457,0.3688429752066115,0.8354269972451789,0.851542699724518,Mean True Alert Streaks from Initial Detection
uptrend,0.5,30,0.83,0.4180716253443526,0.3837465564738292,0.8354269972451791,0.8515426997245179,True Alert Rate
uptrend,0.5,50,0.83,0.0,0.0,0.0,0.0,Undetected Samples Percentage
uptrend,0.5,50,0.83,0.6438292011019283,0.9501928374655646,0.7127272727272728,0.6809641873278237,Mean True Alert Streaks from Initial Detection
uptrend,0.5,50,0.83,0.6438292011019284,0.9960330578512396,0.7127272727272728,0.7109366391184573,True Alert Rate
uptrend,0.5,80,0.83,0.0,0.0,0.0,0.0,Undetected Samples Percentage
uptrend,0.5,80,0.83,0.944214876033058,0.913801652892562,0.4405234159779614,0.634573002754821,Mean True Alert Streaks from Initial Detection
uptrend,0.5,80,0.83,0.9665013774104684,0.913801652892562,0.501404958677686,0.634573002754821,True Alert Rate
uptrend,0.5,30,0.905,0.0,0.0,0.0,0.0,Undetected Samples Percentage
uptrend,0.5,30,0.905,0.9478236914600552,0.9337741046831955,0.7973829201101928,0.8229476584022037,Mean True Alert Streaks from Initial Detection
uptrend,0.5,30,0.905,0.9802203856749312,0.9858677685950412,0.8000550964187327,0.8229476584022039,True Alert Rate
uptrend,0.5,50,0.905,0.0,0.0,0.0,0.0,Undetected Samples Percentage
uptrend,0.5,50,0.905,1.0,1.0,0.6922865013774105,0.7447658402203856,Mean True Alert Streaks from Initial Detection
uptrend,0.5,50,0.905,1.0,1.0,0.6922865013774104,0.7447658402203857,True Alert Rate
uptrend,0.5,80,0.905,0.0,0.0,0.0,0.0,Undetected Samples Percentage
uptrend,0.5,80,0.905,0.934848484848485,0.9636363636363636,0.3537741046831956,0.2421763085399449,Mean True Alert Streaks from Initial Detection
uptrend,0.5,80,0.905,0.9348484848484848,0.966831955922865,0.3830027548209366,0.397603305785124,True Alert Rate
uptrend,0.5,30,0.98,0.0,0.0,0.0,0.0,Undetected Samples Percentage
uptrend,0.5,30,0.98,0.9402479338842976,0.971570247933884,0.8181542699724518,0.7963636363636363,Mean True Alert Streaks from Initial Detection
uptrend,0.5,30,0.98,0.9860330578512396,0.9715702479338842,0.8181542699724518,0.7990082644628099,True Alert Rate
uptrend,0.5,50,0.98,0.0,0.0,0.0,0.0,Undetected Samples Percentage
uptrend,0.5,50,0.98,0.9568319559228652,0.9824793388429752,0.6987878787878787,0.6363085399449036,Mean True Alert Streaks from Initial Detection
uptrend,0.5,50,0.98,0.9961157024793388,0.998870523415978,0.7057575757575758,0.6384297520661157,True Alert Rate
uptrend,0.5,80,0.98,0.0,0.0,0.0,0.0,Undetected Samples Percentage
uptrend,0.5,80,0.98,0.8249035812672177,0.9496969696969696,0.3555922865013775,0.4132231404958677,Mean True Alert Streaks from Initial Detection
uptrend,0.5,80,0.98,0.959366391184573,0.9496969696969696,0.4223415977961433,0.5733333333333334,True Alert Rate
uptrend,0.5,30,1.055,0.0,0.0,0.0,0.0,Undetected Samples Percentage
uptrend,0.5,30,1.055,0.700909090909091,0.9778787878787876,0.8231680440771348,0.7967768595041322,Mean True Alert Streaks from Initial Detection
uptrend,0.5,30,1.055,0.7009090909090909,0.977878787878788,0.823168044077135,0.7967768595041322,True Alert Rate
uptrend,0.5,50,1.055,0.0,0.0,0.0,0.0,Undetected Samples Percentage
uptrend,0.5,50,1.055,0.999862258953168,0.9776308539944906,0.7558402203856751,0.655289256198347,Mean True Alert Streaks from Initial Detection
uptrend,0.5,50,1.055,0.999862258953168,0.9972727272727272,0.7558402203856749,0.6552892561983471,True Alert Rate
uptrend,0.5,80,1.055,0.0,0.0,0.0,0.0,Undetected Samples Percentage
uptrend,0.5,80,1.055,0.9484022038567494,0.9135812672176308,0.6264738292011018,0.4188429752066115,Mean True Alert Streaks from Initial Detection
uptrend,0.5,80,1.055,0.9579063360881542,0.9135812672176308,0.626473829201102,0.4439393939393939,True Alert Rate
uptrend,0.5,30,1.13,0.0,0.0,0.0,0.0,Undetected Samples Percentage
uptrend,0.5,30,1.13,0.4953994490358127,0.9273829201101929,0.8352617079889806,0.8128099173553719,Mean True Alert Streaks from Initial Detection
uptrend,0.5,30,1.13,0.5070523415977961,0.9557851239669422,0.8352617079889807,0.8128099173553719,True Alert Rate
uptrend,0.5,50,1.13,0.0,0.0,0.0,0.0,Undetected Samples Percentage
uptrend,0.5,50,1.13,1.0,0.9573553719008264,0.6571074380165289,0.7438016528925618,Mean True Alert Streaks from Initial Detection
uptrend,0.5,50,1.13,1.0,0.9734435261707988,0.6680165289256198,0.743801652892562,True Alert Rate
uptrend,0.5,80,1.13,0.0,0.0,0.0,0.0,Undetected Samples Percentage
uptrend,0.5,80,1.13,0.9154269972451792,0.8970798898071625,0.4083746556473829,0.3726170798898071,Mean True Alert Streaks from Initial Detection
uptrend,0.5,80,1.13,0.9631404958677686,0.9673829201101928,0.4083746556473829,0.3750964187327824,True Alert Rate
uptrend,0.5,30,1.205,0.0,0.0,0.0,0.0,Undetected Samples Percentage
uptrend,0.5,30,1.205,0.9399724517906338,0.4495592286501377,0.7995592286501376,0.8302479338842973,Mean True Alert Streaks from Initial Detection
uptrend,0.5,30,1.205,0.9890358126721764,0.4647658402203857,0.8022038567493113,0.8302479338842975,True Alert Rate
uptrend,0.5,50,1.205,0.0,0.0,0.0,0.0,Undetected Samples Percentage
uptrend,0.5,50,1.205,1.0,0.9476859504132232,0.7131129476584022,0.7279889807162535,Mean True Alert Streaks from Initial Detection
uptrend,0.5,50,1.205,1.0,0.9901101928374656,0.7131129476584022,0.7279889807162534,True Alert Rate
uptrend,0.5,80,1.205,0.0,0.0,0.0,0.0,Undetected Samples Percentage
uptrend,0.5,80,1.205,0.96465564738292,0.9679063360881542,0.6448760330578511,0.4391735537190084,Mean True Alert Streaks from Initial Detection
uptrend,0.5,80,1.205,0.96465564738292,0.9679063360881542,0.6448760330578512,0.4391735537190083,True Alert Rate
uptrend,0.5,30,1.28,0.0,0.0,0.0,0.0,Undetected Samples Percentage
uptrend,0.5,30,1.28,0.957107438016529,0.5445730027548209,0.8306887052341597,0.8315977961432505,Mean True Alert Streaks from Initial Detection
uptrend,0.5,30,1.28,0.9898071625344352,0.5463636363636364,0.8306887052341598,0.8315977961432507,True Alert Rate
uptrend,0.5,50,1.28,0.0,0.0,0.0,0.0,Undetected Samples Percentage
uptrend,0.5,50,1.28,0.9889256198347108,1.0,0.6443250688705234,0.6609090909090909,Mean True Alert Streaks from Initial Detection
uptrend,0.5,50,1.28,0.9987603305785124,1.0,0.6443250688705234,0.6609090909090909,True Alert Rate
uptrend,0.5,80,1.28,0.0,0.0,0.0,0.0,Undetected Samples Percentage
uptrend,0.5,80,1.28,0.9475482093663914,0.9536639118457304,0.644793388429752,0.6367493112947659,Mean True Alert Streaks from Initial Detection
uptrend,0.5,80,1.28,0.9506887052341598,0.95366391184573,0.6447933884297521,0.6367493112947659,True Alert Rate
uptrend,0.5,30,1.355,0.0,0.0,0.0,0.0,Undetected Samples Percentage
uptrend,0.5,30,1.355,0.9814600550964188,0.5099724517906334,0.8510743801652894,0.8286776859504131,Mean True Alert Streaks from Initial Detection
uptrend,0.5,30,1.355,0.9814600550964188,0.5133884297520661,0.8510743801652892,0.8286776859504132,True Alert Rate
uptrend,0.5,50,1.355,0.0,0.0,0.0,0.0,Undetected Samples Percentage
uptrend,0.5,50,1.355,0.9606060606060606,0.9926997245179064,0.6512396694214876,0.7008264462809918,Mean True Alert Streaks from Initial Detection
uptrend,0.5,50,1.355,0.9867768595041322,0.9992561983471074,0.655564738292011,0.7008264462809918,True Alert Rate
uptrend,0.5,80,1.355,0.0,0.0,0.0,0.0,Undetected Samples Percentage
uptrend,0.5,80,1.355,0.964931129476584,0.897107438016529,0.1239393939393939,0.458870523415978,Mean True Alert Streaks from Initial Detection
uptrend,0.5,80,1.355,0.964931129476584,0.8971074380165289,0.495702479338843,0.4588705234159779,True Alert Rate
uptrend,0.5,30,1.43,0.0,0.0,0.0,0.0,Undetected Samples Percentage
uptrend,0.5,30,1.43,0.4265840220385675,0.6522865013774104,0.8511845730027549,0.8346831955922863,Mean True Alert Streaks from Initial Detection
uptrend,0.5,30,1.43,0.4265840220385675,0.6522865013774105,0.8511845730027549,0.8346831955922865,True Alert Rate
uptrend,0.5,50,1.43,0.0,0.0,0.0,0.0,Undetected Samples Percentage
uptrend,0.5,50,1.43,0.9914325068870524,0.9664738292011018,0.7137190082644628,0.624793388429752,Mean True Alert Streaks from Initial Detection
uptrend,0.5,50,1.43,0.9914325068870524,0.9728650137741048,0.7183746556473829,0.6247933884297521,True Alert Rate
uptrend,0.5,80,1.43,0.0,0.0,0.0,0.0,Undetected Samples Percentage
uptrend,0.5,80,1.43,0.9565013774104686,0.9507162534435262,0.4117079889807162,0.5489531680440772,Mean True Alert Streaks from Initial Detection
uptrend,0.5,80,1.43,0.9565013774104684,0.9570523415977962,0.4117079889807162,0.5489531680440771,True Alert Rate
uptrend,0.5,30,1.505,0.0,0.0,0.0,0.0,Undetected Samples Percentage
uptrend,0.5,30,1.505,0.9789256198347108,0.9837190082644628,0.8095592286501379,0.8006060606060605,Mean True Alert Streaks from Initial Detection
uptrend,0.5,30,1.505,0.988732782369146,0.9837190082644628,0.8095592286501377,0.8006060606060607,True Alert Rate
uptrend,0.5,50,1.505,0.0,0.0,0.0,0.0,Undetected Samples Percentage
uptrend,0.5,50,1.505,0.9756473829201102,0.9963085399449036,0.6438292011019283,0.7603305785123967,Mean True Alert Streaks from Initial Detection
uptrend,0.5,50,1.505,0.9920385674931128,0.999586776859504,0.645922865013774,0.7603305785123967,True Alert Rate
uptrend,0.5,80,1.505,0.0,0.0,0.0,0.0,Undetected Samples Percentage
uptrend,0.5,80,1.505,0.905922865013774,0.9568044077134986,0.6856473829201101,0.4640220385674932,Mean True Alert Streaks from Initial Detection
uptrend,0.5,80,1.505,0.9212121212121211,0.9631955922865014,0.6856473829201102,0.4640220385674931,True Alert Rate
uptrend,0.5,30,1.58,0.0,0.0,0.0,0.0,Undetected Samples Percentage
uptrend,0.5,30,1.58,0.454159779614325,0.9771900826446284,0.8031955922865013,0.8512121212121213,Mean True Alert Streaks from Initial Detection
uptrend,0.5,30,1.58,0.4541597796143251,0.9870247933884296,0.8031955922865014,0.8512121212121212,True Alert Rate
uptrend,0.5,50,1.58,0.0,0.0,0.0,0.0,Undetected Samples Percentage
uptrend,0.5,50,1.58,0.6504683195592286,0.9891184573002756,0.6519834710743801,0.6276584022038567,Mean True Alert Streaks from Initial Detection
uptrend,0.5,50,1.58,0.6569146005509642,0.9956749311294766,0.6519834710743801,0.6276584022038567,True Alert Rate
uptrend,0.5,80,1.58,0.0,0.0,0.0,0.0,Undetected Samples Percentage
uptrend,0.5,80,1.58,0.9449862258953168,0.9694214876033056,0.2958677685950413,0.6055371900826446,Mean True Alert Streaks from Initial Detection
uptrend,0.5,80,1.58,0.9449862258953168,0.9694214876033058,0.4733333333333333,0.6055371900826446,True Alert Rate
uptrend,0.5,30,1.655,0.0,0.0,0.0,0.0,Undetected Samples Percentage
uptrend,0.5,30,1.655,0.9629201101928376,0.6220936639118457,0.8099173553719009,0.7943250688705235,Mean True Alert Streaks from Initial Detection
uptrend,0.5,30,1.655,0.9825895316804408,0.6303581267217631,0.8099173553719008,0.7943250688705235,True Alert Rate
uptrend,0.5,50,1.655,0.0,0.0,0.0,0.0,Undetected Samples Percentage
uptrend,0.5,50,1.655,0.9998071625344354,0.9755096418732784,0.64366391184573,0.7694214876033058,Mean True Alert Streaks from Initial Detection
uptrend,0.5,50,1.655,0.9998071625344352,0.9886225895316804,0.64366391184573,0.7694214876033058,True Alert Rate
uptrend,0.5,80,1.655,0.0,0.0,0.0,0.0,Undetected Samples Percentage
uptrend,0.5,80,1.655,0.9535812672176308,0.9501928374655648,0.5141873278236915,0.3280716253443526,Mean True Alert Streaks from Initial Detection
uptrend,0.5,80,1.655,0.9535812672176308,0.9533333333333334,0.5141873278236915,0.4029201101928374,True Alert Rate
uptrend,0.5,30,1.73,0.0,0.0,0.0,0.0,Undetected Samples Percentage
uptrend,0.5,30,1.73,0.8897245179063361,0.6044352617079889,0.8428650137741047,0.7982920110192837,Mean True Alert Streaks from Initial Detection
uptrend,0.5,30,1.73,0.8926721763085399,0.604435261707989,0.8428650137741047,0.7982920110192837,True Alert Rate
uptrend,0.5,50,1.73,0.0,0.0,0.0,0.0,Undetected Samples Percentage
uptrend,0.5,50,1.73,0.9806060606060608,0.9835812672176308,0.6209917355371901,0.6159779614325068,Mean True Alert Streaks from Initial Detection
uptrend,0.5,50,1.73,0.9871625344352616,0.9835812672176308,0.6209917355371901,0.671129476584022,True Alert Rate
uptrend,0.5,80,1.73,0.0,0.0,0.0,0.0,Undetected Samples Percentage
uptrend,0.5,80,1.73,0.946556473829201,0.9460330578512396,0.6444077134986227,0.3758677685950413,Mean True Alert Streaks from Initial Detection
uptrend,0.5,80,1.73,0.946556473829201,0.9460330578512396,0.6444077134986226,0.3834986225895316,True Alert Rate
uptrend,0.5,30,1.805,0.0,0.0,0.0,0.0,Undetected Samples Percentage
uptrend,0.5,30,1.805,0.9773553719008264,0.4428925619834711,0.8153719008264463,0.8149586776859504,Mean True Alert Streaks from Initial Detection
uptrend,0.5,30,1.805,0.9773553719008264,0.4428925619834711,0.8153719008264463,0.8149586776859504,True Alert Rate
uptrend,0.5,50,1.805,0.0,0.0,0.0,0.0,Undetected Samples Percentage
uptrend,0.5,50,1.805,0.9823415977961432,0.9998347107438016,0.6558953168044077,0.451267217630854,Mean True Alert Streaks from Initial Detection
uptrend,0.5,50,1.805,0.9921763085399448,0.9998347107438016,0.6558953168044077,0.7169146005509642,True Alert Rate
uptrend,0.5,80,1.805,0.0,0.0,0.0,0.0,Undetected Samples Percentage
uptrend,0.5,80,1.805,0.95465564738292,0.9575757575757576,0.4227823691460055,0.4415977961432507,Mean True Alert Streaks from Initial Detection
uptrend,0.5,80,1.805,0.96099173553719,0.9575757575757576,0.4227823691460055,0.4415977961432507,True Alert Rate
